gene_ID	module	blastx_short	blastp_short	blastx_fullName	blastp_fullName	shortPFAM	TmHMM	EggNOG_ID	Emapper_domain	COG_category	COG_description	shortGO_blast	shortGO_PFAM	GO_emapper_n	KEGG_blast	KEGG_emapper_n	protein_seq	completeness	protein_length
Crpow_TRINITY_DN10289_c0_g2	26	ALFP_ORYSJ	ALFP_ORYSJ	Fructose-bisphosphate aldolase, chloroplastic {ECO:0000305}	Fructose-bisphosphate aldolase, chloroplastic {ECO:0000305}	.	.	KOG1557	Glycolytic	G	fructose-bisphosphate aldolase	GO:0005737^cellular_component^cytoplasm`GO:0005829^cellular_component^cytosol`GO:0010287^cellular_component^plastoglobule`GO:0004332^molecular_function^fructose-bisphosphate aldolase activity`GO:0030388^biological_process^fructose 1,6-bisphosphate metabolic process`GO:0006094^biological_process^gluconeogenesis`GO:0006096^biological_process^glycolytic process	.	GO:0003674`GO:0003824`GO:0004332`GO:0005575`GO:0005622`GO:0005623`GO:0005737`GO:0005975`GO:0005996`GO:0006006`GO:0006082`GO:0006090`GO:0006091`GO:0006094`GO:0006096`GO:0006139`GO:0006163`GO:0006164`GO:0006165`GO:0006725`GO:0006732`GO:0006733`GO:0006753`GO:0006754`GO:0006757`GO:0006793`GO:0006796`GO:0006807`GO:0008150`GO:0008152`GO:0009056`GO:0009058`GO:0009108`GO:0009117`GO:0009123`GO:0009124`GO:0009126`GO:0009127`GO:0009132`GO:0009135`GO:0009141`GO:0009142`GO:0009144`GO:0009145`GO:0009150`GO:0009152`GO:0009156`GO:0009161`GO:0009165`GO:0009166`GO:0009167`GO:0009168`GO:0009179`GO:0009185`GO:0009199`GO:0009201`GO:0009205`GO:0009206`GO:0009259`GO:0009260`GO:0009987`GO:0016051`GO:0016052`GO:0016053`GO:0016310`GO:0016829`GO:0016830`GO:0016832`GO:0017144`GO:0018130`GO:0019318`GO:0019319`GO:0019359`GO:0019362`GO:0019363`GO:0019438`GO:0019439`GO:0019637`GO:0019693`GO:0019752`GO:0032787`GO:0034404`GO:0034641`GO:0034654`GO:0034655`GO:0042866`GO:0043436`GO:0044237`GO:0044238`GO:0044248`GO:0044249`GO:0044270`GO:0044271`GO:0044281`GO:0044283`GO:0044424`GO:0044464`GO:0046031`GO:0046034`GO:0046364`GO:0046390`GO:0046394`GO:0046434`GO:0046483`GO:0046496`GO:0046700`GO:0046939`GO:0051186`GO:0051188`GO:0055086`GO:0071704`GO:0072330`GO:0072521`GO:0072522`GO:0072524`GO:0072525`GO:0090407`GO:1901135`GO:1901137`GO:1901292`GO:1901293`GO:1901360`GO:1901361`GO:1901362`GO:1901564`GO:1901566`GO:1901575`GO:1901576	KEGG:osa:4349897	ko:K01623	MASAALLKSSFLPKKSEWLSAKAAPNAQPMAVSFTVRAGAYSDELVKTAKIIASPGRGILAMDESNATCGKRLASIGLENTEANRQAYRTLLVSAPGLGQYVSGAILFEETLYQSTVDGKKMVDVLTSQNIMPGIKVDKVIGRFAFSQS*	complete	150
Crpow_TRINITY_DN10289_c2_g1	26																		
Crpow_TRINITY_DN104620_c0_g1	26	CXXS1_ARATH	CXXS1_ARATH	Thioredoxin-like protein CXXS1	Thioredoxin-like protein CXXS1	.	.	KOG0907	Thioredoxin	O	Thioredoxin-like protein CXXS1	GO:0005829^cellular_component^cytosol`GO:0005576^cellular_component^extracellular region`GO:0003756^molecular_function^protein disulfide isomerase activity	.	GO:0003674`GO:0003756`GO:0003824`GO:0004791`GO:0005575`GO:0005622`GO:0005623`GO:0005737`GO:0005829`GO:0006950`GO:0006979`GO:0008150`GO:0008152`GO:0009636`GO:0009987`GO:0015035`GO:0015036`GO:0016209`GO:0016491`GO:0016651`GO:0016667`GO:0016668`GO:0016671`GO:0016853`GO:0016860`GO:0016864`GO:0019725`GO:0033554`GO:0034599`GO:0042221`GO:0042592`GO:0044424`GO:0044444`GO:0044464`GO:0045454`GO:0047134`GO:0050789`GO:0050794`GO:0050896`GO:0051716`GO:0055114`GO:0065007`GO:0065008`GO:0070887`GO:0097237`GO:0098754`GO:0098869`GO:0140096`GO:1990748	KEGG:ath:AT1G11530	ko:K03671	MEIQQQHSKVLKVDSKESWESLMTQANNQGCPVFVHFTASWCVPSLSMNPHVEEMATTYQNIQFLVVDVDEVKEVASRMKVKAMPTFVLMKDGAEMDRLVGANPDEVVN*	complete	110
Crpow_TRINITY_DN104620_c0_g2	26																		
Crpow_TRINITY_DN10544_c0_g1	26	.	.	.	.	.	.	.	.	.		.	.	.	.	.	MGKLSLGVGVLGLTVVMATAMVMIADGRKLEKDNFLDGGGGLGGGGGFGQGGGLGGGFGGGKGGGIGGGAGGGAGGGAGGGIGGGGGAGSGGGIGGGHGIGGGIGGGSGGGIGGGGGAGGGAGGGFGGGAGGGAGGGIGGGAGGGAGGGFGGGAGGGSGGGGGFGGGGGFGGGGGAGGGFGGGGGFGGGAGGRV*	complete	195
Crpow_TRINITY_DN10772_c0_g4	26																		
Crpow_TRINITY_DN11150_c0_g1	26	RPT2_ARATH	RPT2_ARATH	Root phototropism protein 2	Root phototropism protein 2	.	.	ENOG502QUJB	BTB,NPH3	S	Belongs to the NPH3 family	GO:0005737^cellular_component^cytoplasm`GO:0005634^cellular_component^nucleus`GO:0005777^cellular_component^peroxisome`GO:0009904^biological_process^chloroplast accumulation movement`GO:0009638^biological_process^phototropism`GO:0016567^biological_process^protein ubiquitination`GO:0007165^biological_process^signal transduction	.	GO:0005575`GO:0005622`GO:0005623`GO:0005634`GO:0005737`GO:0008150`GO:0009314`GO:0009416`GO:0009605`GO:0009606`GO:0009628`GO:0009637`GO:0009638`GO:0043226`GO:0043227`GO:0043229`GO:0043231`GO:0044424`GO:0044464`GO:0050896	KEGG:ath:AT2G30520	.	MDPLRLSYEARLHASQNKRLPVQVVLHALYYDQLKLRSGPDEDPNPAPLSASASARNMAGTDASLMKENAELRLELAKMKLHLSDMEKNKKVGKKGAFFASVSKTLGKLNPFKQGSKDTLHIDDEVKVDVTKPRRRRFSIS*	complete	142
Crpow_TRINITY_DN115338_c0_g1	26	CHUP1_ARATH	CHUP1_ARATH	Protein CHUP1, chloroplastic	Protein CHUP1, chloroplastic	.	.	ENOG502QQ13	.	S	Protein CHUP1, chloroplastic-like	GO:0009507^cellular_component^chloroplast`GO:0009707^cellular_component^chloroplast outer membrane`GO:0005829^cellular_component^cytosol`GO:0009658^biological_process^chloroplast organization`GO:0009902^biological_process^chloroplast relocation	.	.	KEGG:ath:AT3G25690	.	MKLEKQVTSFVDDPQLPCEPALKRMYSLLEKMEQSVYALLRTRDMAMSRYREFGIPVDWLSDSGVVGKIKLSSVQLARKYMKRVSSELDALSGTDKEPNREFLLLQGVRFAFRVHQFAGGFDAESMRAFEELRSRANSQTQSTADAEKGEA*	complete	152
Crpow_TRINITY_DN1154_c7_g1	26	.	.	.	.	.	.	.	PGG	S	Domain of unknown function	.	.	.	.	.	IDQGAGSDQSTPPADEDRKTRSAQKQQQQHSMNIDQGAPGSDQQPPPTDKDRKTRNALLVVITLITTLSFEVGVNPPGGFWQDDKDGHVAGNAIMRDKDHRRYRLFIIFSWLCFSLSAVLIMCLLTGTSPKSRRFKVVFVFCVATLALLFLFSTHAHLAISLSFSVFIMFCGILLVHKAW*	incomplete	181
Crpow_TRINITY_DN11618_c0_g2	26	.	.	.	.	.	.	.	PAR1	S	PAR1 protein	.	.	.	.	.	MAPPSSLPLALLASLCLLVPSTLAGVICEDLSRDSCAFAISSSSKRCVLESYRHEGKPTGYECRTSDVVVGRMKDYIETDRCVKACGVDRNSVGISSDLLLEAAFTAKLCSPKCYQNCPNIVDLYFNLAAGEGKIIR*	complete	138
Crpow_TRINITY_DN116760_c0_g2	26																		
Crpow_TRINITY_DN11955_c0_g2	26	.	.	.	.	.	.	.	LEA_2	S	Late embryogenesis abundant protein	.	.	.	.	.	LSLSLSLSIKKKQNSHCPLTHDFSNEKNPSKETKKMTESGNRLVTSPTQVHHDRRRRTRRYLPCFILLLVLLLLALTAVILAVTVFRPRDPRTTLLTATVTGISPRVTLPALRVDINVTLAIALSVRNPNYASFAHETGKSLLYYRGARVGEADVAPGRIPARGSERVGVRLTVEAGELAAEVGSLVGDVMSGEVGFDASTRIRGKVTFLGFIRRKAVATSECHVVVGFPDLRVKDQKCVDKTKL*	incomplete	246
Crpow_TRINITY_DN12437_c0_g1	26																		
Crpow_TRINITY_DN12437_c1_g1	26																		
Crpow_TRINITY_DN12437_c2_g1	26																		
Crpow_TRINITY_DN12675_c2_g1	26	RMA3_ARATH	RMA3_ARATH	E3 ubiquitin-protein ligase RMA3	E3 ubiquitin-protein ligase RMA3	.	.	KOG0823	zf-C3HC4,zf-C3HC4_2,zf-C3HC4_3	O	Zinc finger, C3HC4 type (RING finger)	GO:0005783^cellular_component^endoplasmic reticulum`GO:0005789^cellular_component^endoplasmic reticulum membrane`GO:0016021^cellular_component^integral component of membrane`GO:0046872^molecular_function^metal ion binding`GO:0061630^molecular_function^ubiquitin protein ligase activity`GO:0044390^molecular_function^ubiquitin-like protein conjugating enzyme binding`GO:0004842^molecular_function^ubiquitin-protein transferase activity`GO:0071456^biological_process^cellular response to hypoxia`GO:0071712^biological_process^ER-associated misfolded protein catabolic process`GO:0006511^biological_process^ubiquitin-dependent protein catabolic process	.	GO:0003674`GO:0003824`GO:0004842`GO:0005488`GO:0005515`GO:0005575`GO:0005622`GO:0005623`GO:0005634`GO:0005737`GO:0005783`GO:0005789`GO:0006464`GO:0006508`GO:0006511`GO:0006515`GO:0006807`GO:0006928`GO:0006950`GO:0008150`GO:0008152`GO:0009056`GO:0009057`GO:0009987`GO:0010033`GO:0010243`GO:0010498`GO:0012505`GO:0016020`GO:0016477`GO:0016567`GO:0016740`GO:0018996`GO:0019538`GO:0019787`GO:0019899`GO:0019941`GO:0030054`GO:0030154`GO:0030163`GO:0031984`GO:0032446`GO:0032501`GO:0032502`GO:0032991`GO:0033554`GO:0034976`GO:0035966`GO:0035967`GO:0036211`GO:0036503`GO:0036513`GO:0040011`GO:0040039`GO:0042175`GO:0042221`GO:0042303`GO:0042692`GO:0043170`GO:0043226`GO:0043227`GO:0043228`GO:0043229`GO:0043231`GO:0043232`GO:0043292`GO:0043412`GO:0043632`GO:0044237`GO:0044238`GO:0044248`GO:0044257`GO:0044260`GO:0044265`GO:0044267`GO:0044390`GO:0044422`GO:0044424`GO:0044425`GO:0044432`GO:0044444`GO:0044446`GO:0044449`GO:0044464`GO:0048468`GO:0048856`GO:0048869`GO:0048870`GO:0050896`GO:0051146`GO:0051179`GO:0051603`GO:0051674`GO:0051716`GO:0051788`GO:0055001`GO:0055002`GO:0055120`GO:0061061`GO:0061630`GO:0061659`GO:0070647`GO:0070887`GO:0071218`GO:0071310`GO:0071704`GO:0071712`GO:0098796`GO:0098827`GO:0099080`GO:0099081`GO:0099512`GO:0140096`GO:1901564`GO:1901565`GO:1901575`GO:1901698	KEGG:ath:AT4G27470	ko:K10666	HPYFLQTSTPHERLVNTHTEKKRRRKKQSVSNWLHYVITSALKTDIDHMEAEGTMMPSIEEESTNKSFARRQPSKSQFSDDTTSSDARSSSKPCFDCSICLDLPVDPVVTLCGHLYCWPCIYKWLQIGATQHDCPVCKSPLSQNSLVPLYSRGATNQNTAADRKCIEIPNRPAFSRNAMPNRSARHDHYYPPQWGGAGVLNSTVGGLVI	incomplete	210
Crpow_TRINITY_DN12912_c0_g1	26	CLH2_ARATH	CLH2_ARATH	Chlorophyllase-2 {ECO:0000303|PubMed:10611389}	Chlorophyllase-2 {ECO:0000303|PubMed:10611389}	.	.	ENOG502QRKW	Chlorophyllase,Chlorophyllase2	S	Chlorophyllase-2	GO:0009507^cellular_component^chloroplast`GO:0005829^cellular_component^cytosol`GO:0047746^molecular_function^chlorophyllase activity`GO:0102293^molecular_function^pheophytinase b activity`GO:0015996^biological_process^chlorophyll catabolic process	.	GO:0003674`GO:0003824`GO:0005575`GO:0005622`GO:0005623`GO:0005737`GO:0006725`GO:0006778`GO:0006787`GO:0006807`GO:0008150`GO:0008152`GO:0009056`GO:0009507`GO:0009536`GO:0009987`GO:0015994`GO:0015996`GO:0016787`GO:0016788`GO:0019439`GO:0033013`GO:0033015`GO:0034641`GO:0042440`GO:0043226`GO:0043227`GO:0043229`GO:0043231`GO:0044237`GO:0044248`GO:0044270`GO:0044424`GO:0044444`GO:0044464`GO:0046149`GO:0046483`GO:0046700`GO:0047746`GO:0051186`GO:0051187`GO:0052689`GO:0071704`GO:1901360`GO:1901361`GO:1901564`GO:1901565`GO:1901575	KEGG:ath:AT5G43860	ko:K08099	MDKGKQTNPPILTYTPRSFDLKMPTLVIGSGLGGVKKNPLFPPCAPKGVSHEDFFNECRDQAWHFVAKEYGHLDMLDDETKGLKGKLSYCLCKNGKSRKPMRDFVGGVMVAFMNGYLKGEMKELVEIRERPESAPIELSVISIV*	complete	145
Crpow_TRINITY_DN13031_c0_g1	26	.	.	.	.	.	.	.	.	S	membrane-associated kinase regulator	.	.	.	.	.	MAETLSNTESFSYGWLTSSKKSSDIDRDSTSLHQTVDGYDFDFGLASSNSVVLVHADKIFSNGLLLPLYHVTPPSSSSENESELNKSSDSVLWRSLSLDSYSEPVHSNAVQSRMSPSEYSSLICHSVPSTPISKSSSTKLKLPFLRNCARKYLCFLLPLCKKVKRLSLTSPRVPAMRTAPKRGVEWSRGNTTFDVREESSIYEAVLHCKKSVVCPVKDA*	complete	220
Crpow_TRINITY_DN132330_c0_g2	26																		
Crpow_TRINITY_DN13321_c0_g1	26	GLO16_ORYSI	GLO16_ORYSI	Very-long-chain aldehyde decarbonylase GL1-6 {ECO:0000305}	Very-long-chain aldehyde decarbonylase GL1-6 {ECO:0000305}	.	.	.	DUF810	S	Plant family of unknown function (DUF810)	GO:0005789^cellular_component^endoplasmic reticulum membrane`GO:0016021^cellular_component^integral component of membrane`GO:1990465^molecular_function^aldehyde oxygenase (deformylating) activity`GO:0005506^molecular_function^iron ion binding`GO:0009924^molecular_function^octadecanal decarbonylase activity`GO:0016491^molecular_function^oxidoreductase activity`GO:0008610^biological_process^lipid biosynthetic process`GO:0009409^biological_process^response to cold`GO:0009651^biological_process^response to salt stress`GO:0009414^biological_process^response to water deprivation	.	.	.	.	MACVLTSTLCQKGTKVMVARRDSYEILKQKLPQELVDHVIFSETYTSQVWLVGDGLKKQEQRKAAKGVHFIPFSQFPPRKVRDDCVYHSTPALITPKEYENMHTCEVRSDLQMQFWNLRSRSICCNGKCVI*	complete	132
Crpow_TRINITY_DN134598_c0_g2	26																		
Crpow_TRINITY_DN134598_c0_g4	26	CAAT5_ARATH	CAAT5_ARATH	Cationic amino acid transporter 5	Cationic amino acid transporter 5	.	.	KOG1286	AA_permease_2,AA_permease_C	E	cationic amino acid transporter	GO:0016021^cellular_component^integral component of membrane`GO:0005886^cellular_component^plasma membrane`GO:0015171^molecular_function^amino acid transmembrane transporter activity`GO:0005313^molecular_function^L-glutamate transmembrane transporter activity`GO:0015189^molecular_function^L-lysine transmembrane transporter activity`GO:0006865^biological_process^amino acid transport	.	GO:0005575`GO:0005623`GO:0005886`GO:0016020`GO:0044464`GO:0071944	KEGG:ath:AT2G34960	ko:K03294`ko:K13865`ko:K13866	MEAMDANHEQLPSRSYWRWKKEDFFPEQSFESWSSYASALRRTPHRLADRLTSRSSDAEELHSLRQRSEHDMKRCLSWWDLTWFGFGSVIGAGIFVLTGQEAHNHAGPAIVLSYIASGVSAMLSVFCYTEFAVEIPVAGGSFAYLRVELGDFAAYVAAANLILESIIGTAAVARSWTSYLATLLNREPNSLRIQTDLAENFNMLDPIAVVVLITTSTIAILSTKRTSHFNWIASAVHSLVIAFVIVAGFAHANTKNLTPFLPFGVQGVFRAAAVVYFAYGGFDNIATMAEETRNPSRDIPLGLLGSMSIITVIYCLMALALSMMQKYTEIDQNAAYSVAFRSVGMKWAQYLVALGALKGMTTVLLVGALGQARYTTHIARSHIIPPIFALVHPRTGTPIYATLLITACGSCIALFSSLEVLASLLSISTLFIFMMMAVALLVRRYYVKDVSTKDDLLKLVVFLLVIIAASMGTSAYWGLKPHGWIGYAITLPMWVAGTLGIAVFLPQRRSPKVWGVPLVPWLPSLSIATNLFLMGSLGSDAFGEKLEEMGAEKNGCVTKEGPTVTGHHGEC*	complete	572
Crpow_TRINITY_DN13753_c0_g1	26	CRK10_ARATH	CRK10_ARATH	Cysteine-rich receptor-like protein kinase 10	Cysteine-rich receptor-like protein kinase 10	.	.	ENOG502QWDY	Pkinase,Pkinase_Tyr,Stress-antifung	T	Cysteine-rich receptor-like protein kinase	GO:0005829^cellular_component^cytosol`GO:0016021^cellular_component^integral component of membrane`GO:0005886^cellular_component^plasma membrane`GO:0005524^molecular_function^ATP binding`GO:0106310^molecular_function^protein serine kinase activity`GO:0004674^molecular_function^protein serine/threonine kinase activity`GO:0004712^molecular_function^protein serine/threonine/tyrosine kinase activity`GO:0042742^biological_process^defense response to bacterium`GO:0006468^biological_process^protein phosphorylation	.	GO:0003674`GO:0003824`GO:0004672`GO:0004674`GO:0005575`GO:0005623`GO:0005886`GO:0006464`GO:0006468`GO:0006793`GO:0006796`GO:0006807`GO:0006950`GO:0006952`GO:0008150`GO:0008152`GO:0009605`GO:0009607`GO:0009617`GO:0009987`GO:0016020`GO:0016301`GO:0016310`GO:0016740`GO:0016772`GO:0016773`GO:0019538`GO:0036211`GO:0042742`GO:0043170`GO:0043207`GO:0043412`GO:0044237`GO:0044238`GO:0044260`GO:0044267`GO:0044464`GO:0050896`GO:0051704`GO:0051707`GO:0071704`GO:0071944`GO:0098542`GO:0140096`GO:1901564	KEGG:ath:AT4G23180	ko:K04733	MAPVLSLSLLLLLLHSTSFSSADPLYKTCSGSNYAANSTYSSNLNSLLTFFTSLNSTSFATRAQGSAPDGVYGLILCRGDVGPSDCAICIQNAAQDALSLCPGSRRATLWYDNCEIRYSDLRFFSTFRNSNPFALYNVQNVTDHVENFIQMQRKLLDKVTYQASYNSSLMFATGTAINGSNMTVNGLAQCTRDLSKDGCSQCLKEIRETYAKLGLEASQGGRVLGESCNFRYEAYPFYQGKPTVVLNPTASPSPSPLSPSAPSPPPPSPSPLSPSPPSPSTPTTSGEKGGKNNTGKVLRIVIPVAVVVSVMLIVIGICIFLRCWKRSAKRSIISGAANLEEISNVDLISFELSTLKTATDNFSEVNKIGEGGFGSVYKGKLEHGREIAVKRLSTSSTQGLQELKNELFLVAKLQHRNLVKLLGVCLEEEEKLLVYEYVPNGSLDNHLFDPVKCKQLTWERRFNIVGGIARGLFYLHEESHLNAIHRDLKASNVLLDSGMDPKISDFGLCRLFGGDETQGTTSRVVGTFGYMAPEYALHGHFSTKVDVFSYGVLALEMVTGRKCSSFYEPQLAEDFLTYTWKHWSNGTILEIIDPSLENYSTNEVLRCIHIALLCVQDIPSERPPMSSVVLMLHSPSVPLQPPSQPRFFTGMASSEILPKPTHLDSSDGFASRSLQISVNDVSITEMQPR*	complete	690
Crpow_TRINITY_DN137563_c0_g1	26	FMO1_ARATH	FMO1_ARATH	Probable flavin-containing monooxygenase 1	Probable flavin-containing monooxygenase 1	.	.	KOG1399	FMO-like	Q	flavin-containing monooxygenase	GO:0050660^molecular_function^flavin adenine dinucleotide binding`GO:0004499^molecular_function^N,N-dimethylaniline monooxygenase activity`GO:0050661^molecular_function^NADP binding`GO:0031543^molecular_function^peptidyl-proline dioxygenase activity`GO:0062047^molecular_function^pipecolic acid N-hydroxylase`GO:0071456^biological_process^cellular response to hypoxia`GO:0042742^biological_process^defense response to bacterium`GO:0050832^biological_process^defense response to fungus`GO:0002758^biological_process^innate immune response-activating signal transduction`GO:0062034^biological_process^L-pipecolic acid biosynthetic process`GO:0009626^biological_process^plant-type hypersensitive response`GO:0051707^biological_process^response to other organism`GO:0009627^biological_process^systemic acquired resistance	.	GO:0001666`GO:0002218`GO:0002253`GO:0002376`GO:0002682`GO:0002684`GO:0003674`GO:0003824`GO:0004497`GO:0006950`GO:0006952`GO:0006955`GO:0007154`GO:0007165`GO:0008150`GO:0008152`GO:0008219`GO:0009605`GO:0009607`GO:0009617`GO:0009620`GO:0009626`GO:0009627`GO:0009628`GO:0009814`GO:0009870`GO:0009987`GO:0010204`GO:0012501`GO:0016491`GO:0023052`GO:0031347`GO:0031349`GO:0033554`GO:0034050`GO:0036293`GO:0036294`GO:0042221`GO:0042742`GO:0043207`GO:0045087`GO:0045088`GO:0045089`GO:0048518`GO:0048583`GO:0048584`GO:0050776`GO:0050778`GO:0050789`GO:0050794`GO:0050832`GO:0050896`GO:0051704`GO:0051707`GO:0051716`GO:0055114`GO:0065007`GO:0070482`GO:0070887`GO:0071453`GO:0071456`GO:0080134`GO:0098542	KEGG:ath:AT1G19250	ko:K00485	MEKRCAPKVAIIGGGISGLAAAKQLAALDPVVFEATDSIGGVWKHCSYRSTRLQTPRPDYEFSDYPWKNREDPSFPTHAEIVEYLHGYAARFSLWRLIRLGSRVVEVRYLGDQQRAGFSELWGEEGRPMAGQPAWEVGVVTGQSETVQWYKFHFVVMCIGKYGDVKKMPVFPEGKGPEVFQGKVMHSLDYCKLDVEASKELMKGKKAVVVGYKKSAIDLALECAEANQGPDGQPCTMVIRTLHWTVPSYSIWGLPFFLFYSTRFSQFLHERPNQGLLRSLLCHLLTPVKRGVSKFIESYLAWKLPLDKYGLRPDHPFEEDYASCQMAILPENFFDEADQGRIRFKKSSKWWFWEGGVALDDGTRLEADVVFLATGFDGKKKLRSLLPEPFSGLIEDLSGVMPLYRGTIHPLIPHMAFVGYIESVSNLHTAELRCKWLARLLEGKFKLPTVEDMFGQTTRETEVMKKTTRFYRRHCISTFSINHSDEICEEMGWKSHRKGNWLSEAFCAYNNQDYKETKED*	complete	521
Crpow_TRINITY_DN13947_c0_g1	26	PIP14_ARATH	.	Probable aquaporin PIP1-4	.	.	.	KOG0223	.	.		GO:0005829^cellular_component^cytosol`GO:0016021^cellular_component^integral component of membrane`GO:0005886^cellular_component^plasma membrane`GO:0015250^molecular_function^water channel activity`GO:0009414^biological_process^response to water deprivation`GO:0006833^biological_process^water transport	.	.	KEGG:ath:AT4G00430	.	MPEKGLFILAHKILHIGSEYAQACARLHTLEKYLFKNKTHLFLTVQEVHNIVLNYHDILPLICPNIICPDNRFQLNCAVDLLGRSLHRSCAGSSLPSDRDQGHSI*	complete	106
Crpow_TRINITY_DN14175_c0_g1	26	KCS3_ARATH	KCS3_ARATH	3-ketoacyl-CoA synthase 3 {ECO:0000303|PubMed:18465198}	3-ketoacyl-CoA synthase 3 {ECO:0000303|PubMed:18465198}	.	.	ENOG502QPV6	ACP_syn_III_C,FAE1_CUT1_RppA	G	3-ketoacyl-CoA synthase	GO:0005783^cellular_component^endoplasmic reticulum`GO:0016020^cellular_component^membrane`GO:0102756^molecular_function^very-long-chain 3-ketoacyl-CoA synthase activity`GO:0006633^biological_process^fatty acid biosynthetic process`GO:0009409^biological_process^response to cold`GO:0009416^biological_process^response to light stimulus	.	GO:0005575`GO:0005622`GO:0005623`GO:0005737`GO:0005783`GO:0006950`GO:0008150`GO:0009266`GO:0009314`GO:0009409`GO:0009416`GO:0009628`GO:0012505`GO:0043226`GO:0043227`GO:0043229`GO:0043231`GO:0044424`GO:0044444`GO:0044464`GO:0050896	KEGG:ath:AT1G07720	ko:K15397	MELLFILSTILLIYSLYPLYKLFDRWRNSGCYLIDYSCFKPSDDRKIPTAFCKDIVLRNEALGVEEYRFLLKMIVSSGIGEHTYGPRNILAGNENSPTHVDSLSEMDECFFGTLDALFAKTGFLPADVDALVLNVSMFCPAPSLSARIVNRYRMREDIRIFNLSGMGCSASLIGLDVIQNLLKCHKKMLALLITSESIAPNWYSGNKRSMMLGNVLFRSGGCSAFLSNDPALRGRAKLYLKHLVRTHLGRIDLAHNAAVHTEDAQHRGGMELSKDLPKAAARALLDNLRVFAPKVLPFKEIARYVAHNLANSVRRMSGQKVSGPKVVVPDLKLGVDHFCVHTGGTAVIDGVGKGLALSERDLEPSRMALHRYGNTSGSSVWYVLAYLEAKKRLKKGDKTMMISVGGGFKCNSCLWVAMKDLGDDAGVWKDCIDEYPPQTLKNPFVEKYGWINDA*	complete	455
Crpow_TRINITY_DN143037_c0_g2	26	PPDK_MESCR	PPDK2_MAIZE	Pyruvate, phosphate dikinase, chloroplastic	Pyruvate, phosphate dikinase 2 {ECO:0000303|PubMed:1668653}	PF00391.26^PEP-utilising enzyme, mobile domain	ExpAA=0.01^PredHel=0^Topology=o	ENOG502QREJ`ENOG502QREJ	PEP-utilizers,PEP-utilizers_C,PPDK_N	F	Pyruvate phosphate dikinase	GO:0005737^cellular_component^cytoplasm`GO:0005524^molecular_function^ATP binding`GO:0016301^molecular_function^kinase activity`GO:0046872^molecular_function^metal ion binding`GO:0050242^molecular_function^pyruvate, phosphate dikinase activity`GO:0015979^biological_process^photosynthesis`GO:0006090^biological_process^pyruvate metabolic process	GO:0016772^molecular_function^transferase activity, transferring phosphorus-containing groups`GO:0016310^biological_process^phosphorylation	GO:0005575`GO:0005622`GO:0005623`GO:0005634`GO:0005737`GO:0005829`GO:0009507`GO:0009532`GO:0009536`GO:0009570`GO:0043226`GO:0043227`GO:0043229`GO:0043231`GO:0044422`GO:0044424`GO:0044434`GO:0044435`GO:0044444`GO:0044446`GO:0044464	.	ko:K01006	MIEIPRAALVADEIAEQAEFFSFGTNDLTQMTFGYSRDDVGKFLPIYLAKGLLQNDPFEVLDQRGVGQLIKIATERGRRARPDLKVGICGEHGGEPSSVAFFAEAGLDYVSCSPFRVPIARLAAAQVVVSKGL*	complete	134
Crpow_TRINITY_DN14428_c0_g1	26																		
Crpow_TRINITY_DN14517_c0_g1	26	LDOX_MALDO	LDOX_MALDO	Leucoanthocyanidin dioxygenase	Leucoanthocyanidin dioxygenase	.	.	.	2OG-FeII_Oxy,DIOX_N	Q	Belongs to the iron ascorbate-dependent oxidoreductase family	GO:0031418^molecular_function^L-ascorbic acid binding`GO:0050589^molecular_function^leucocyanidin oxygenase activity`GO:0046872^molecular_function^metal ion binding`GO:0009718^biological_process^anthocyanin-containing compound biosynthetic process	.	GO:0001101`GO:0003674`GO:0003824`GO:0006725`GO:0006950`GO:0006996`GO:0007033`GO:0008150`GO:0008152`GO:0009058`GO:0009611`GO:0009698`GO:0009699`GO:0009718`GO:0009719`GO:0009725`GO:0009753`GO:0009812`GO:0009813`GO:0009987`GO:0010023`GO:0010033`GO:0016043`GO:0016491`GO:0016705`GO:0016706`GO:0017144`GO:0018130`GO:0018958`GO:0019438`GO:0019748`GO:0042221`GO:0042440`GO:0044237`GO:0044249`GO:0044550`GO:0046148`GO:0046189`GO:0046283`GO:0046483`GO:0050589`GO:0050896`GO:0051213`GO:0055114`GO:0071704`GO:0071840`GO:1901360`GO:1901362`GO:1901576`GO:1901615`GO:1901617`GO:1901700	.	ko:K05277	MVIRVESLASSGLGAIPPEYVRPECEREHLGDALEEVKKAGGGPQIPTVDLKGYDSGSSDGVERAKCVEKATAAAKEWGVMHITNHGIRRELIERVRAVGKGFFDLPIETKERYANDQPSGRIQGYGSKLANNSCGQLEWEDYFFHLLFPTDKVDVSVWPKQPAEYIEVMREFAEQLRAVVSKMLAILSLGLRLEDQNKLEKEVGGMEDLLLQMKINYYPRCPRPDLALGVEAHTDVSALSFILHNDVPGLQVFYGGEWVTAQLVPDSIVVHVGDALEILSNGTYKSVLHRGLVNREKVRISWAVFCEPPKDKIVLRPLPELVTDETPAKFAPRTFAQHLQRKLFKKVEEDFASEM*	complete	357
Crpow_TRINITY_DN145387_c0_g1	26	.	.	.	.	.	.	.	.	3988.XP_002527694.1^0.000321^44.3^COG Category: .^Description: .^2E7EU@1|root,2SE12@2759|Eukaryota,37XFS@33090|Viridiplantae^EC:.	.	.	.	.	.	.	MKKFICVVIACILTLAFCRSINSPESPVLSTSHQLSGRRLLGVHRVQALEPTGNHKGQNLETEGEFKEERDRDGDDREGLILNADYGGVKTHPSPQPRHPKP*	complete	103
Crpow_TRINITY_DN149069_c2_g1	26	TRXM_PEA	TRXM_PEA	Thioredoxin M-type, chloroplastic	Thioredoxin M-type, chloroplastic	.	.	.	Thioredoxin	O	Thioredoxin M-type	GO:0009507^cellular_component^chloroplast`GO:0015035^molecular_function^protein-disulfide reductase activity	.	.	.	ko:K03671	MKLIRILKTVLEVTDGSWDELILQSKIPALVEFWAPSCGPCKMMAPVMDELAKEYAGKIACFKINTDDSLKMASRYGIQSIPTVLLFKDGERVESVTGAVRKSALSTTIDKYLA*	complete	115
Crpow_TRINITY_DN15023_c0_g2	26																		
Crpow_TRINITY_DN15622_c0_g3	26	PME35_ARATH	PME35_ARATH	Probable pectinesterase/pectinesterase inhibitor 35	Probable pectinesterase/pectinesterase inhibitor 35	.	.	ENOG502QRAG	PMEI,Pectinesterase	G	Pectinesterase	GO:0005576^cellular_component^extracellular region`GO:0045330^molecular_function^aspartyl esterase activity`GO:0030599^molecular_function^pectinesterase activity`GO:0046910^molecular_function^pectinesterase inhibitor activity`GO:0042545^biological_process^cell wall modification`GO:0045490^biological_process^pectin catabolic process	.	GO:0003674`GO:0003824`GO:0004857`GO:0005575`GO:0005623`GO:0008150`GO:0016787`GO:0016788`GO:0030234`GO:0030599`GO:0043086`GO:0044092`GO:0044464`GO:0046910`GO:0050790`GO:0052689`GO:0065007`GO:0065009`GO:0071944`GO:0098772	KEGG:ath:AT3G59010	ko:K01051	MQEVLHGRKFVTWASCISLLLVAVLVPTAAIFSSTTLNQGSTPIKRLNSLSRASNPSDIIASACEATSYPTICRSTLTSAARTRPPKNSQDVFDLSVQFAAARCHTVRGMAYNMTQSHRHTRADRPSAMDDCLELLDISLDQLNTCLPLSDPDDVDTWLSAAMTNQATCMDSLQEAGEGQLSGPMRSQIESLNQYISNSLALLQRMKGEKEKEKTKTGTKKRKNPPVGSRYPAWMTVVDRKLLEASPRDVRADAVVATDGSGTHGTIGEALASVSLKEKSSSSPGRSVIYIKAGVYKEYIKIPTKQKNVMLMGDGKGKSVIIGSKNVVDGGTTYNSATVGTFFSCCNY*	complete	349
Crpow_TRINITY_DN158645_c0_g1	26	LOR8_ARATH	LOR8_ARATH	Protein LURP-one-related 8	Protein LURP-one-related 8	.	.	ENOG502RXRU	LOR	S	LURP-one-related	.	.	.	KEGG:ath:AT2G38640	.	MTKVHPNSPPSSPASPLKLLAGEGKEEAMTVWRKSLMFNCEGFTVFDGSGDLRFRVDSYSRGRKTEIVLMDACGNSIFTIRRKKLSLGENWLIYNGDEKVNPLFAVKKNVTILGSKVIAH	incomplete	121
Crpow_TRINITY_DN169905_c1_g1	26																		
Crpow_TRINITY_DN17020_c1_g1	26																		
Crpow_TRINITY_DN1702_c5_g2	26	C8D11_ARATH	C8D11_ARATH	Cytochrome P450 81D11	Cytochrome P450 81D11	.	.	KOG0156	p450	Q	Belongs to the cytochrome P450 family	GO:0016021^cellular_component^integral component of membrane`GO:0016020^cellular_component^membrane`GO:0020037^molecular_function^heme binding`GO:0005506^molecular_function^iron ion binding`GO:0016709^molecular_function^oxidoreductase activity, acting on paired donors, with incorporation or reduction of molecular oxygen, NAD(P)H as one donor, and incorporation of one atom of oxygen`GO:0002213^biological_process^defense response to insect	.	GO:0003674`GO:0003824`GO:0004497`GO:0005575`GO:0006082`GO:0006725`GO:0006790`GO:0006807`GO:0006950`GO:0006952`GO:0008150`GO:0008152`GO:0009058`GO:0009605`GO:0009607`GO:0009987`GO:0016020`GO:0016143`GO:0016491`GO:0016705`GO:0016709`GO:0019748`GO:0019757`GO:0019760`GO:0034641`GO:0042343`GO:0042430`GO:0043207`GO:0043436`GO:0044237`GO:0044281`GO:0044550`GO:0046483`GO:0050896`GO:0051704`GO:0051707`GO:0055114`GO:0071704`GO:0098542`GO:1901135`GO:1901360`GO:1901564`GO:1901657	KEGG:ath:AT3G28740	ko:K00512`ko:K20623	MALLLNNPEKLAKAQIEIDQQIGHGQLTQESDLSNLPYLQCIVNETLRLYPVAPMLVPHESSEECVVGGYDVPRGTMLLVNAYSIQRDPKAWPEPAKFEPERFQCMTGREGSVMPFGMGRRRCPGEGLVNRAAGLVL	incomplete	152
Crpow_TRINITY_DN17095_c0_g1	26																		
Crpow_TRINITY_DN17260_c0_g1	26	Y4554_ARATH	Y4554_ARATH	Uncharacterized protein At4g15545	Uncharacterized protein At4g15545	PF06810.14^Phage minor structural protein GP20	ExpAA=0.00^PredHel=0^Topology=o	ENOG502QUBG	.	42345.XP_008809285.1^4.84e-33^128.0^COG Category: .^Description: .^2CN7B@1|root,2QUBG@2759|Eukaryota,37NG3@33090|Viridiplantae,3GF30@35493|Streptophyta,3KKVV@4447|Liliopsida^EC:.	.	GO:0005829^cellular_component^cytosol`GO:0005783^cellular_component^endoplasmic reticulum`GO:0010168^cellular_component^ER body`GO:0043621^molecular_function^protein self-association`GO:0080119^biological_process^ER body organization	GO:0019069^biological_process^viral capsid assembly	GO:0003674`GO:0005215`GO:0005575`GO:0005623`GO:0005886`GO:0006810`GO:0008150`GO:0016020`GO:0022857`GO:0044464`GO:0051179`GO:0051234`GO:0055085`GO:0071944	KEGG:ath:AT4G15545	.	MATQDFDLPESIATALPSDPFEQLDVARKITSIALATRISELESESERLRQSVAEKDDLIAELSAKVESLDASLAELSRSVAQADEEKARLLEENASLSNAVKKLTREVSKLEVFKKALVRSLNEEEDGSQAGVSKAAPGGQLADGSFSAGSNRGEEESARSTLKSEAGSSISEDGGCNDADGSKLGTQYNIQLSSLTTTPK	incomplete	203
Crpow_TRINITY_DN1792_c0_g1	26	RPT2_ARATH	RPT2_ARATH	Root phototropism protein 2	Root phototropism protein 2	.	.	ENOG502QUJB	BTB,NPH3	S	Belongs to the NPH3 family	GO:0005737^cellular_component^cytoplasm`GO:0005634^cellular_component^nucleus`GO:0005777^cellular_component^peroxisome`GO:0009904^biological_process^chloroplast accumulation movement`GO:0009638^biological_process^phototropism`GO:0016567^biological_process^protein ubiquitination`GO:0007165^biological_process^signal transduction	.	GO:0005575`GO:0005622`GO:0005623`GO:0005634`GO:0005737`GO:0008150`GO:0009314`GO:0009416`GO:0009605`GO:0009606`GO:0009628`GO:0009637`GO:0009638`GO:0043226`GO:0043227`GO:0043229`GO:0043231`GO:0044424`GO:0044464`GO:0050896	KEGG:ath:AT2G30520	.	MMATSTSASRRHSSAMERTGQWVFSQELHVPSDLIINVGEATFPLHKFIMMAKSGYIRSRILESDRSDLTRIDLTDLPGGADVFEKAVKFCYGVNFEITAYNVAPLRCAAECLEMTERVCDGSLTERTEEFLGQAALKTLSGAVIVLRSCEDLGPVAEEIGLVPRCVDVISLKVSTLPKKEVESTVS*	complete	188
Crpow_TRINITY_DN18024_c0_g1	26																		
Crpow_TRINITY_DN181498_c0_g1	26	ALFP_ORYSJ	.	Fructose-bisphosphate aldolase, chloroplastic {ECO:0000305}	.	.	.	KOG1557	.	.		GO:0005737^cellular_component^cytoplasm`GO:0005829^cellular_component^cytosol`GO:0010287^cellular_component^plastoglobule`GO:0004332^molecular_function^fructose-bisphosphate aldolase activity`GO:0030388^biological_process^fructose 1,6-bisphosphate metabolic process`GO:0006094^biological_process^gluconeogenesis`GO:0006096^biological_process^glycolytic process	.	.	KEGG:osa:4349897	.	MQSVSIPLFLKDELYFDLNAVTESHSIASTHPVKGGAVSDIDLHPQAPRNQRLKRISPPCFQFNGCSVAVVLDVHPLLGFFGLAFTRVLPELSKRVGLGPDEQRVLSGLHVLRPSSPRLQARVLQSSGVRERHVPRVGALVHGIQVQSCLHFRLPAGEEL*	complete	161
Crpow_TRINITY_DN19464_c0_g2	26																		
Crpow_TRINITY_DN20007_c0_g1	26	GUN20_ORYSJ	GUN20_ORYSJ	Endoglucanase 20	Endoglucanase 20	.	.	ENOG502QRF6	Glyco_hydro_9	G	Belongs to the glycosyl hydrolase 9 (cellulase E) family	GO:0005576^cellular_component^extracellular region`GO:0008810^molecular_function^cellulase activity`GO:0071555^biological_process^cell wall organization`GO:0030245^biological_process^cellulose catabolic process	.	.	KEGG:osa:4345463	ko:K01179	AKGQVARGATEANMSSIFVLRLLIIALAFFVVAQSVDYGDALGKAILFFEGQRSGKLPSTQRVKWRGDSALSDGQLENVNLTGGYYDAGDNVKFGWPMSFSVALLGWAASEYKTEISSAGELGHLRSAISWGTDFILKAHTSATTLYTQVGDGNSDHQCWERPEDMDTPRTLYKITSSSPGTEAAADAAAALASASIVFKDKASYSSRLLKHSTSLFEFANKYRGSYQASCPFYCSYSGYQDELIWAAAWLFKATNDTQYLQFVLNNQGWSNPANEFSWDNKFVGAQALLAREYVTGRKDLAKYKTDLDSFVCAVMPGSGNVQIRTTPGGLLFTRDTVNIQYAATASLALLHYSKTLQSGGIGVRCSSASFSAAQIRAFAKSQVDYILGKNPLGMSYMVGFGSKYPQRIHHRGSSIPSIFVLPRKVNCNEGFSSWYSTSSPNPNTHVGAIVGGPDSNDRFNDVRSDSTHSEPATYINAAAVGALAALQNENNHHLSLSKEPELEVDGAFVNYDQ*	incomplete	515
Crpow_TRINITY_DN20117_c1_g1	26																		
Crpow_TRINITY_DN20211_c0_g2	26																		
Crpow_TRINITY_DN20466_c0_g1	26																		
Crpow_TRINITY_DN21055_c0_g2	26																		
Crpow_TRINITY_DN21214_c0_g1	26	.	.	.	.	.	.	.	.	.		.	.	.	.	.	MLSSVGTTMASPFPTTLQGSATPERVMRMKTTRVLASKSGRLPFKQVYMRIFKSILLNCLRPYPTDKECYCKLTVFLTVVLLIISNFLDKKRSTTSKCP*	complete	100
Crpow_TRINITY_DN22256_c0_g1	26																		
Crpow_TRINITY_DN22265_c0_g1	26	GLYI4_ARATH	.	Glyoxylase I 4 {ECO:0000303|PubMed:30483284, ECO:0000303|PubMed:31652571}	.	.	.	ENOG502QSP6	.	.		GO:0005737^cellular_component^cytoplasm`GO:0005886^cellular_component^plasma membrane`GO:0016829^molecular_function^lyase activity`GO:0140041^biological_process^cellular detoxification of methylglyoxal`GO:0006952^biological_process^defense response`GO:0009787^biological_process^regulation of abscisic acid-activated signaling pathway`GO:2000022^biological_process^regulation of jasmonic acid mediated signaling pathway`GO:2000031^biological_process^regulation of salicylic acid mediated signaling pathway`GO:0009409^biological_process^response to cold`GO:0009408^biological_process^response to heat`GO:0009753^biological_process^response to jasmonic acid`GO:0051595^biological_process^response to methylglyoxal`GO:0010045^biological_process^response to nickel cation`GO:0006970^biological_process^response to osmotic stress`GO:0006979^biological_process^response to oxidative stress`GO:1902074^biological_process^response to salt`GO:0010224^biological_process^response to UV-B`GO:0009414^biological_process^response to water deprivation`GO:0009611^biological_process^response to wounding	.	.	KEGG:ath:AT1G15380	.	RISIVLPRSRWIHDRGLQLRRHPRDSAWRQRTSRGVQEDGFKEAAERDGEMPCTGYSCDRGLSQHLLMSLEIATSGVCKGPTVNFALGITRCIDIVHVSLHLFFL*	incomplete	106
Crpow_TRINITY_DN22306_c1_g1	26	C81E7_MEDTR	C81E8_MEDTR	Isoflavone 2'-hydroxylase {ECO:0000303|PubMed:14617078}	Cytochrome P450 81E8 {ECO:0000303|PubMed:14617078}	.	.	KOG0156`KOG0156	p450	Q	Belongs to the cytochrome P450 family	GO:0005789^cellular_component^endoplasmic reticulum membrane`GO:0016021^cellular_component^integral component of membrane`GO:0016020^cellular_component^membrane`GO:0047957^molecular_function^4'-methoxyisoflavone 2'-hydroxylase activity`GO:0020037^molecular_function^heme binding`GO:0005506^molecular_function^iron ion binding`GO:0016709^molecular_function^oxidoreductase activity, acting on paired donors, with incorporation or reduction of molecular oxygen, NAD(P)H as one donor, and incorporation of one atom of oxygen	.	.	KEGG:mtr:MTR_4g094775`KEGG:mtr:MTR_4g094775	.	MAMGFSFPTIAISLLGLFILTKLFFPNRGPKKNRPPSPPSLPIFGHLHLLKKQALHHALAPISERCGPIVQLRFGSRPVLLVSSPSLAKECFTGTDVVFANRPRFPSIERLSYGFTTIGTASYGPHWRNVRRITTVEVLSSHRLNSFAGIRASEVRHLVRRLFQESEPDG*	complete	171
Crpow_TRINITY_DN23359_c0_g1	26																		
Crpow_TRINITY_DN2384_c0_g1	26	PTR1_ARATH	PTR1_ARATH	Protein NRT1/ PTR FAMILY 8.1	Protein NRT1/ PTR FAMILY 8.1	.	.	KOG1237	PTR2	E	Peptide transporter	GO:0016021^cellular_component^integral component of membrane`GO:0005886^cellular_component^plasma membrane`GO:0009506^cellular_component^plasmodesma`GO:0071916^molecular_function^dipeptide transmembrane transporter activity`GO:0042937^molecular_function^tripeptide transmembrane transporter activity`GO:0042938^biological_process^dipeptide transport`GO:0006807^biological_process^nitrogen compound metabolic process`GO:0015031^biological_process^protein transport`GO:0042939^biological_process^tripeptide transport	.	.	KEGG:ath:AT3G54140	ko:K14638	MEDFEDKYTKDGTLDLHGNPAVKEKTGRWKACPYILANECCERLAYYGMSTNLVNYMKEFLNQGNSVAANNVTNWSGTCYITPLIGAFLADAYLGRFKTIASFMIIYIMVRHRPAFRRPYLSILRFYRVCLYTGVSMDRIRDELLFVHF*	complete	150
Crpow_TRINITY_DN245516_c0_g1	26																		
Crpow_TRINITY_DN25290_c0_g1	26																		
Crpow_TRINITY_DN25290_c1_g1	26																		
Crpow_TRINITY_DN2552_c1_g1	26	HMA5_ORYSJ	HMA5_ORYSJ	Copper-transporting ATPase HMA5 {ECO:0000305}	Copper-transporting ATPase HMA5 {ECO:0000305}	.	.	KOG0207	E1-E2_ATPase,HMA,Hydrolase	P	copper-transporting ATPase	GO:0016021^cellular_component^integral component of membrane`GO:0005886^cellular_component^plasma membrane`GO:0005524^molecular_function^ATP binding`GO:0016887^molecular_function^ATP hydrolysis activity`GO:0005507^molecular_function^copper ion binding`GO:0140581^molecular_function^P-type monovalent copper transporter activity	.	GO:0003674`GO:0003824`GO:0005215`GO:0005388`GO:0005575`GO:0005622`GO:0005623`GO:0005886`GO:0005887`GO:0006810`GO:0006811`GO:0006812`GO:0006816`GO:0006950`GO:0008150`GO:0008324`GO:0009636`GO:0010035`GO:0010038`GO:0010273`GO:0015075`GO:0015085`GO:0015318`GO:0015399`GO:0015405`GO:0015662`GO:0016020`GO:0016021`GO:0016462`GO:0016787`GO:0016817`GO:0016818`GO:0016887`GO:0017111`GO:0019829`GO:0022804`GO:0022853`GO:0022857`GO:0022890`GO:0030001`GO:0031224`GO:0031226`GO:0034220`GO:0042221`GO:0042623`GO:0042625`GO:0042626`GO:0043226`GO:0043227`GO:0043229`GO:0043231`GO:0043492`GO:0044424`GO:0044425`GO:0044459`GO:0044464`GO:0046688`GO:0046873`GO:0050896`GO:0051179`GO:0051234`GO:0055085`GO:0061687`GO:0070588`GO:0070838`GO:0071944`GO:0072511`GO:0090662`GO:0097501`GO:0098655`GO:0098660`GO:0098662`GO:0098754`GO:0099131`GO:0099132`GO:1990169	KEGG:osa:4336625	ko:K17686	MASRGFLLSCIKTSSPISFSSRSLSPKPRYPSMPKYPKKEKKIKISNDDEDDLEVSKDEEKEKIVALFSVIGMTCAACAGSVEKAIKRLSGIHDAAVDVLNNRAQVIFYPTFVSVDTIRETIEDVGFQATLIEDEVKENSTLACRLRIKGMTCTSCSSTVESALQDVHGVLKASVALATEEAEIRYDPMLVSVSQIMEAVENTGFEAILISTGEDRNRIQLKLDGIRTEQSIRMIESSLQALPGIERLEFDPLLHKVSISYKPDQTGPRNFIEVIESTGSGRYRASIFSEEGRRVPQRREEIKQYYRSFLWSLIFTIPVFLTSMVFMYFPWIHQRLDTKVVKMLTVGEILRWILSTPVQFVIGRRFYSGSYKALRHGSANMDVLIALGTNTAYFYSVYSVLRAATSENFKGTDFFETSSMLISFILLGKYLEVLAKGKTSEAIAKLMDLAPETAILLSYDEDGNVMSEKEIDSRLIQKNDVIKIMPGGKVASDGYVIWGQTHVNESMITGEARPVAKRKGDNVIGGTVNENGVLHVRATHVGSESALSQIVRLVESAQMAKAPVQKFADRISKYFVPLVIILAFCTWLVWFLVGKFNCYPKSWIPSSMDSFQLALQFGISVMVIACPCALGLATPTAVMVGTGVGASQGVLIKGGQALESAHKVCVKGI*	complete	670
Crpow_TRINITY_DN26671_c0_g1	26																		
Crpow_TRINITY_DN27740_c0_g1	26																		
Crpow_TRINITY_DN27740_c0_g2	26																		
Crpow_TRINITY_DN28255_c0_g2	26	NIP1_ARATH	NIP1_ARATH	NEP1-interacting protein 1	NEP1-interacting protein 1	.	.	KOG0800`KOG0800`KOG0800`KOG0800	Gly-zipper_Omp,Gly-zipper_OmpA,Gly-zipper_YMGG,zf-RING_2	O	NEP1-interacting protein	GO:0009535^cellular_component^chloroplast thylakoid membrane`GO:0016021^cellular_component^integral component of membrane`GO:0046872^molecular_function^metal ion binding	.	GO:0003674`GO:0003824`GO:0004842`GO:0006464`GO:0006508`GO:0006511`GO:0006807`GO:0008150`GO:0008152`GO:0009056`GO:0009057`GO:0009987`GO:0010498`GO:0016567`GO:0016740`GO:0019538`GO:0019787`GO:0019941`GO:0030163`GO:0032446`GO:0036211`GO:0043161`GO:0043170`GO:0043412`GO:0043632`GO:0044237`GO:0044238`GO:0044248`GO:0044257`GO:0044260`GO:0044265`GO:0044267`GO:0051603`GO:0061630`GO:0061659`GO:0070647`GO:0071704`GO:0140096`GO:1901564`GO:1901565`GO:1901575	KEGG:ath:AT4G35840`KEGG:ath:AT5G66070`KEGG:ath:AT4G35840`KEGG:ath:AT5G66070	.	MTRAESVLASMGILDACYAEGLTRASVERIPKISITSRNKVDEMGNRIGCVVCLQDFEVRETVRCLPHCQHKFHVPCIDGWITRNGSCPLCRRNLSENPISLYLTEPEMCVY*	complete	113
Crpow_TRINITY_DN284097_c1_g1	26																		
Crpow_TRINITY_DN28947_c0_g4	26																		
Crpow_TRINITY_DN28989_c2_g1	26																		
Crpow_TRINITY_DN29159_c0_g1	26	CYP1_CROXC	CYP1_CROXC	Flavonoid 3'-monooxygenase CYP75B137 {ECO:0000305}	Flavonoid 3'-monooxygenase CYP75B137 {ECO:0000305}	.	.	.	p450	Q	Belongs to the cytochrome P450 family	GO:0016021^cellular_component^integral component of membrane`GO:0016711^molecular_function^flavonoid 3'-monooxygenase activity`GO:0020037^molecular_function^heme binding`GO:0005506^molecular_function^iron ion binding`GO:0009813^biological_process^flavonoid biosynthetic process	.	GO:0003674`GO:0003824`GO:0004497`GO:0005575`GO:0008150`GO:0008152`GO:0009058`GO:0009719`GO:0009725`GO:0009733`GO:0010033`GO:0016020`GO:0016491`GO:0016705`GO:0016709`GO:0019748`GO:0042221`GO:0044550`GO:0050896`GO:0055114	.	ko:K05280	MFFYLHTSSMTPLLLFLSALFFSSFLYHLFFFSRRRTGCNGHSPPLPPGPKGWPVLGNLPQLGAKPHQTLCELSKVHGPLFRLRFGSVDAVVAASADVAAQFLRVHDANFSNRPPNSGAEHIAYNYQDLVFAPYGPRWRMLRKICAVHLFSSKALDDFRPARATEVAILANTLRTRARGRCAVNLGELLTTCTANALTKAMLGRRVFGEESGEALEFKEMVVETMRLAGAFNVGDFLPWLRPLDLQGVVGRMKKVHRRFDAFLDKVIEEHRTAAAGGDLLSVLLMTSKEDVDGDGGKLTTTDIKALLLDLFTAGTDTSSSTVEWALAELIRHPEILRKAQAELDSAVGTSRLVSEADVPNLPFLQAVVKETFRLHPSTPLSLPHMSTEPCEVNGYRIPRGTTLLVNVWAISRDPSIWTDPSEFRPDRFLPGGGYENVDVKGNDFGVIPFGSGRRICAGLNLGLRTVQFVTATLVHAFDWALPAGQTAEKLDMEEAYGLTLQRAVPLMVHPIPRLDQKAYQCV*	complete	523
Crpow_TRINITY_DN29159_c0_g2	26	CYP1_CROXC	CYP1_CROXC	Flavonoid 3'-monooxygenase CYP75B137 {ECO:0000305}	Flavonoid 3'-monooxygenase CYP75B137 {ECO:0000305}	.	.	.	p450	Q	Belongs to the cytochrome P450 family	GO:0016021^cellular_component^integral component of membrane`GO:0016711^molecular_function^flavonoid 3'-monooxygenase activity`GO:0020037^molecular_function^heme binding`GO:0005506^molecular_function^iron ion binding`GO:0009813^biological_process^flavonoid biosynthetic process	.	GO:0003674`GO:0003824`GO:0004497`GO:0005575`GO:0008150`GO:0008152`GO:0009058`GO:0009719`GO:0009725`GO:0009733`GO:0010033`GO:0016020`GO:0016491`GO:0016705`GO:0016709`GO:0019748`GO:0042221`GO:0044550`GO:0050896`GO:0055114	.	ko:K05280	VVGKMKKVHRKFDAFLDKVIEEHRTAAKGGDLLSVLMMMMRLKEDVDGDGGKLTTTDIKALLLNLFTAGTDTSSSTVEWALAELIRHPEILRKAQAELDSAVGATRLVSE	incomplete	111
Crpow_TRINITY_DN29225_c0_g2	26	FLA13_ARATH	FLA6_ARATH	Fasciclin-like arabinogalactan protein 13	Fasciclin-like arabinogalactan protein 6	.	.	ENOG502R770`ENOG502R770`ENOG502R770`ENOG502R770	Fasciclin	S	Four repeated domains in the Fasciclin I family of proteins, present in many other contexts.	GO:0031225^cellular_component^anchored component of membrane`GO:0005886^cellular_component^plasma membrane`GO:0009834^biological_process^plant-type secondary cell wall biogenesis	.	GO:0005575`GO:0005618`GO:0005622`GO:0005623`GO:0005737`GO:0005794`GO:0005886`GO:0005911`GO:0009505`GO:0009506`GO:0012505`GO:0016020`GO:0030054`GO:0030312`GO:0031224`GO:0031225`GO:0031226`GO:0043226`GO:0043227`GO:0043229`GO:0043231`GO:0044424`GO:0044425`GO:0044444`GO:0044459`GO:0044464`GO:0046658`GO:0055044`GO:0071944	KEGG:ath:AT2G20520`KEGG:ath:AT5G44130`KEGG:ath:AT2G20520`KEGG:ath:AT5G44130	.	MANALVVSMALLLTLTLTLTESKHTPAVAPGPTPPPLNLTAILEKGGQYTTLIRLLNSTQVLSQIQSQLNNSFNGLTILAPTDNAFSNLKPGTLNGLTSQEQVALVLYHVLPRYYSLSTFQTASNPVSTQASSSGGVYTVNVTSSSQQVNVSTGVNEAVVENELYQDFPLAVYSIEEVLLPYDIFGAKPPAEAPSPAEGKTKEAKKVPSAKAPSAAAAAAEDNAGSATASSTKSGGSGLKMKSLMDWGFGAGVALVFVGFVL*	complete	263
Crpow_TRINITY_DN29345_c4_g1	26																		
Crpow_TRINITY_DN29634_c0_g1	26	.	.	.	.	.	.	.	DUF3774	S	Wound-induced protein	.	.	.	.	.	MVFGTNLQWRYKTDLKCLLNLSSSQTTNTFLQSLLIISTKPKERKRKMASSLSRASWVAAASVGAIEAMKDQAGLCRWNYVLRSLHQRPKNNLDSFSQAANH	incomplete	103
Crpow_TRINITY_DN29731_c0_g1	26	C71A1_PERAE	C71A1_PERAE	Cytochrome P450 71A1	Cytochrome P450 71A1	.	.	.	p450	Q	Belongs to the cytochrome P450 family	GO:0005789^cellular_component^endoplasmic reticulum membrane`GO:0016021^cellular_component^integral component of membrane`GO:0020037^molecular_function^heme binding`GO:0005506^molecular_function^iron ion binding`GO:0004497^molecular_function^monooxygenase activity`GO:0016705^molecular_function^oxidoreductase activity, acting on paired donors, with incorporation or reduction of molecular oxygen`GO:0009835^biological_process^fruit ripening	.	.	.	ko:K00512`ko:K07410`ko:K13223	MSHAIFISLFLFLPPLFLLLRIKRAKSKNHLNLPPSPPKLPIIGNLHQLSSLPHRSLRDLSDKHGPLMLLQLGQVPTLVVSSPGMAQEVMKTHDLVFANRPHLKTISHIFRGSDDISFSPYGEYWRQARKLCVMHLLSTKMVQSFRHAVEREVEWMIEKIPADLSASSTRTVDVSDMLNWFAGNVMSRAISANTSAKEGRKHVMRLLADETSEVLGEFQPGDFFPMIGWMDIFGLDAKGKRVGKGWNDLLDEIIDEHDANGSLKDDDGNNNTDFVDVLLTLERDPANDFSFTREQIKAILIDMFAAGVDTSYTVLEWSMAELVRNPKVMKKLQDEVRGAARGKYLVRGEEVSGMNYLKAVIKETMRLHTPLPLLLPRESTENCEVGGYQVPMKTRIVVNAWAIARDPNVWEEPEEFKPERFLSSGVDFKGKDFEYIPFGAGRRICPGMNFAVQTIELGLANLVCRFDWELPGNMTIDDLDMSDASAFVVHKKQRLELTAKFSTDS*	complete	506
Crpow_TRINITY_DN3091_c1_g1	26																		
Crpow_TRINITY_DN3255_c0_g1	26	.	.	.	.	.	.	.	.	.		.	.	.	.	.	MPPPPPAPPPPPIPPPPPAPPPPPIPPPEPPPIPPPIPWPPPAPPPMPPPIPPPAPPPPPPPAPPPPPPPAPPPPPIPPPEPPPIPPPIPWPPPIPPPAPAPPPPPAPPPTPPPPPIPPPAPPPEPPPIPPPIP*	complete	155
Crpow_TRINITY_DN3483_c0_g1	26	SCP18_ARATH	SCP18_ARATH	Serine carboxypeptidase-like 18	Serine carboxypeptidase-like 18	.	.	KOG1282	Peptidase_S10	42345.XP_008790304.1^1.1e-178^529.0^COG Category: EO^Description: Belongs to the peptidase S10 family^COG2939@1|root,KOG1282@2759|Eukaryota,37JBM@33090|Viridiplantae,3G7X9@35493|Streptophyta,3KVWN@4447|Liliopsida^EC:2.3.1.91	Belongs to the peptidase S10 family	GO:0005576^cellular_component^extracellular region`GO:0016747^molecular_function^acyltransferase activity, transferring groups other than amino-acyl groups`GO:0004185^molecular_function^serine-type carboxypeptidase activity`GO:0019748^biological_process^secondary metabolic process	.	GO:0003674`GO:0003824`GO:0008150`GO:0008152`GO:0016740`GO:0016746`GO:0016747`GO:0016752`GO:0019748	KEGG:ath:AT1G33540	ko:K09756`ko:K16296	MFKVAGYTNGIPSLHDHPYAWTKVSNIIFVDSPVGAGFSYSNQSQGYATTDSKTVRDIYNFIRKWFMGHREFLTNPLYIGGDSYSGIIVPTVALEIANGNQAGHEVLYNLKGYFVGNPLTDGQGDRGAFVPFSHGTGLISDELYKSAKISCKGEYASPRNAKCANAMQLINKCIGGINKAQILEPLCPFDSGTPPGIATDKMQALKELNGDHPSSKINLPLECRSSGYMLSSLWANNDAVRESLHIRKGTKQHWKRCDYDLPYTSDILDSVKFHQNLTSRGYRALVYSGDHDMIFPHVGTQMWIRSLNYSIVDKWRPWTVEGQVAGFTRTYANNLTFATVKGGGHTAPEYRPKECLAMVERWLSGNPL*	complete	369
Crpow_TRINITY_DN3483_c0_g2	26																		
Crpow_TRINITY_DN3802_c1_g2	26	WRK41_ARATH	WRK41_ARATH	Probable WRKY transcription factor 41	Probable WRKY transcription factor 41	.	.	ENOG502QPRM	WRKY	K	WRKY DNA -binding domain	GO:0005634^cellular_component^nucleus`GO:0003700^molecular_function^DNA-binding transcription factor activity`GO:0000976^molecular_function^transcription cis-regulatory region binding	.	GO:0000302`GO:0001067`GO:0001101`GO:0002376`GO:0003674`GO:0003676`GO:0003677`GO:0003700`GO:0005488`GO:0005575`GO:0005622`GO:0005623`GO:0005634`GO:0005737`GO:0006355`GO:0006950`GO:0006952`GO:0006955`GO:0006979`GO:0007275`GO:0007568`GO:0008150`GO:0009507`GO:0009536`GO:0009605`GO:0009607`GO:0009617`GO:0009636`GO:0009719`GO:0009725`GO:0009751`GO:0009814`GO:0009816`GO:0009889`GO:0009891`GO:0009893`GO:0010033`GO:0010035`GO:0010150`GO:0010193`GO:0010200`GO:0010243`GO:0010468`GO:0010556`GO:0010557`GO:0010604`GO:0010628`GO:0014070`GO:0019219`GO:0019222`GO:0031323`GO:0031325`GO:0031326`GO:0031328`GO:0031347`GO:0032501`GO:0032502`GO:0042221`GO:0042493`GO:0042542`GO:0042742`GO:0043207`GO:0043226`GO:0043227`GO:0043229`GO:0043231`GO:0044212`GO:0044424`GO:0044444`GO:0044464`GO:0045087`GO:0045893`GO:0045935`GO:0046677`GO:0048366`GO:0048367`GO:0048518`GO:0048522`GO:0048583`GO:0048731`GO:0048827`GO:0048856`GO:0050789`GO:0050794`GO:0050896`GO:0051171`GO:0051173`GO:0051252`GO:0051254`GO:0051704`GO:0051707`GO:0060255`GO:0065007`GO:0080090`GO:0080134`GO:0090693`GO:0097159`GO:0098542`GO:0099402`GO:0140110`GO:1901363`GO:1901698`GO:1901700`GO:1902680`GO:1903506`GO:1903508`GO:2000112`GO:2001141	KEGG:ath:AT4G11070	.	METKMIVNELTQGYELTRELQAQLDSASVEMCKSLVQEILASYEKAISMAKSSVLLPNLCIESPSSNTESPRSENSEQPFKAEGKEMVSKKRKTEARCKNHMKLGSGPEAEGPLEDGYSWRKYGQKEILGAKHP	incomplete	135
Crpow_TRINITY_DN39385_c0_g1	26																		
Crpow_TRINITY_DN3994_c0_g2	26	RCA1_LARTR	RCA2_LARTR	Ribulose bisphosphate carboxylase/oxygenase activase 1, chloroplastic	Ribulose bisphosphate carboxylase/oxygenase activase 2, chloroplastic	.	.	.	AAA	O	Ribulose bisphosphate carboxylase oxygenase activase	GO:0009570^cellular_component^chloroplast stroma`GO:0005524^molecular_function^ATP binding`GO:0016887^molecular_function^ATP hydrolysis activity	.	GO:0000166`GO:0001101`GO:0003674`GO:0005488`GO:0005524`GO:0005575`GO:0005576`GO:0005618`GO:0005622`GO:0005623`GO:0005634`GO:0005737`GO:0006950`GO:0006952`GO:0007275`GO:0007568`GO:0008047`GO:0008144`GO:0008150`GO:0009266`GO:0009314`GO:0009409`GO:0009416`GO:0009507`GO:0009526`GO:0009532`GO:0009534`GO:0009535`GO:0009536`GO:0009570`GO:0009579`GO:0009605`GO:0009607`GO:0009617`GO:0009628`GO:0009719`GO:0009725`GO:0009753`GO:0009941`GO:0010033`GO:0010150`GO:0010287`GO:0010319`GO:0016020`GO:0017076`GO:0030234`GO:0030312`GO:0030554`GO:0031967`GO:0031975`GO:0031976`GO:0031984`GO:0032501`GO:0032502`GO:0032553`GO:0032555`GO:0032559`GO:0034357`GO:0035639`GO:0036094`GO:0042221`GO:0042651`GO:0042742`GO:0043085`GO:0043167`GO:0043168`GO:0043207`GO:0043226`GO:0043227`GO:0043229`GO:0043231`GO:0043531`GO:0044093`GO:0044422`GO:0044424`GO:0044434`GO:0044435`GO:0044436`GO:0044444`GO:0044446`GO:0044464`GO:0046863`GO:0048046`GO:0048366`GO:0048367`GO:0048731`GO:0048827`GO:0048856`GO:0050790`GO:0050896`GO:0051704`GO:0051707`GO:0055035`GO:0065007`GO:0065009`GO:0071944`GO:0090693`GO:0097159`GO:0097367`GO:0098542`GO:0098772`GO:0099402`GO:1901265`GO:1901363`GO:1901700	.	.	MATAVSTVGAVNRIPLIHGSSAGASVPASAFFGSSLKKANPGANHGRISTGSFKVVAADLDESKQTDKDRWSGLAYDVSDDQQDITRGKGLVDSLFQAPTGDGTHIAILSSYEYLSQGLREYDLDNKMDGFYIAPAFMDKLVVHITKNYMNLPNIKVPLILGVWGGKGQGKSFQCELVFRKMGINPIMMSAGELESGNAGEPAKLIRQRYREAADIIAKGKMCCLFINDLDAGAGRMGGTTQYTVNNQMVNATLMNIADNPTNVQLPGMYNKQENARVPIIVTGNDFSTLYAPLIRDGRMEKFYWAPTREDRIGVCIGIFRTDNVPDEDIVKLVDTFPGQSIDFFGALRARVYDDEVRKWIGDIGVDNIGKRLVNSLEGPPTFEQPKMSLDKLLEYGNMLVQEQENVKRVQLADKYLSEAALGDANEDAMKTGNFYG*	complete	438
Crpow_TRINITY_DN3994_c0_g3	26	RCA1_LARTR	RCA2_LARTR	Ribulose bisphosphate carboxylase/oxygenase activase 1, chloroplastic	Ribulose bisphosphate carboxylase/oxygenase activase 2, chloroplastic	.	.	.	AAA	O	Ribulose bisphosphate carboxylase oxygenase activase	GO:0009570^cellular_component^chloroplast stroma`GO:0005524^molecular_function^ATP binding`GO:0016887^molecular_function^ATP hydrolysis activity	.	GO:0000166`GO:0001101`GO:0003674`GO:0005488`GO:0005524`GO:0005575`GO:0005576`GO:0005618`GO:0005622`GO:0005623`GO:0005634`GO:0005737`GO:0006950`GO:0006952`GO:0007275`GO:0007568`GO:0008047`GO:0008144`GO:0008150`GO:0009266`GO:0009314`GO:0009409`GO:0009416`GO:0009507`GO:0009526`GO:0009532`GO:0009534`GO:0009535`GO:0009536`GO:0009570`GO:0009579`GO:0009605`GO:0009607`GO:0009617`GO:0009628`GO:0009719`GO:0009725`GO:0009753`GO:0009941`GO:0010033`GO:0010150`GO:0010287`GO:0010319`GO:0016020`GO:0017076`GO:0030234`GO:0030312`GO:0030554`GO:0031967`GO:0031975`GO:0031976`GO:0031984`GO:0032501`GO:0032502`GO:0032553`GO:0032555`GO:0032559`GO:0034357`GO:0035639`GO:0036094`GO:0042221`GO:0042651`GO:0042742`GO:0043085`GO:0043167`GO:0043168`GO:0043207`GO:0043226`GO:0043227`GO:0043229`GO:0043231`GO:0043531`GO:0044093`GO:0044422`GO:0044424`GO:0044434`GO:0044435`GO:0044436`GO:0044444`GO:0044446`GO:0044464`GO:0046863`GO:0048046`GO:0048366`GO:0048367`GO:0048731`GO:0048827`GO:0048856`GO:0050790`GO:0050896`GO:0051704`GO:0051707`GO:0055035`GO:0065007`GO:0065009`GO:0071944`GO:0090693`GO:0097159`GO:0097367`GO:0098542`GO:0098772`GO:0099402`GO:1901265`GO:1901363`GO:1901700	.	.	MAAAVTTVGVVNRLPLIRGSTAASSVPTSSFFGSSLRKANPCARHGRVSSGGFKVMAADLDESKQTNKDRWGGLAYDTSDDQQDITRGKGLVDPLFQAPSGDGTHVAILSSYEYISQGLREYGLDNEIDGLYIAPAFMDKLVVHITKNFMNLPNIKVPLILGIWGGKGQGKSFQCELVFRKMGINPIMMSAGELESGNAGEPAKLIRQRYREAADIIAKGKMCCLFINDLDAGAGRMGGTTQYTVNNQMVNATLMNIADNPTNVQLPGMYNKQENARVPIIVTGNDFSTLYAPLIRDGRMEKFYWAPTREDRIGVCTGIFRTDNVPVEDVVKLVDTFPGQSIDFFGALRARVYDDEVRKWIAEIGIEKVGKRLVNSLEGPPTFEQPKMTLEKLLEYGNMLVQEQENVKRVQLADKYLSEAALGDANEDAMKTGNFYG*	complete	438
Crpow_TRINITY_DN416161_c4_g1	26																		
Crpow_TRINITY_DN418332_c0_g1	26	FB253_ARATH	FB253_ARATH	F-box protein At5g07610	F-box protein At5g07610	.	.	ENOG502QQSC	F-box	S	F-box domain	.	.	.	KEGG:ath:AT5G07610	.	MGQASSSLPDDVTSEILLRLPADSIGRLRCVSKSFLSLTTDPHFIRTHSSISTTSPVGFYFSPIGGHQAAFFHLSPSSPPPSSSDPSLSFLDFKGHPAQIMHYCNGLILCRLPDPFIEQQRLISLLSVCNPTTREHDVIPVPENLRLGFRFSLAFDPSLSLHFEIVAMRRLRERNAYCMHRFSSETRSWKLSNDGIPGDLFYHWDTQSIFCNGALCWKALDGFTCFDVGTEKFNHIRLPAELLMIPSDYVYYGGSGGRLQCLKTCGNAAGPRFKNSRLDIFETEPKSSSEWSLLHSVDLGGMVDEYPEAEGEAHLEMMVLWFCHGGGGGGDEVGDRLVLSTRTKIVAYHFKTRKFSTICSGMPSDMGMYRHRWRCVYPQANTLVPL*	complete	387
Crpow_TRINITY_DN45912_c0_g1	26	BURP5_ORYSJ	BURP5_ORYSJ	BURP domain-containing protein 5	BURP domain-containing protein 5	.	.	ENOG502QQHP`ENOG502QQHP	BURP	S	BURP domain	GO:0005576^cellular_component^extracellular region	.	.	KEGG:osa:4335212`KEGG:osa:4335212	.	INYINSAIPRSRSRHIQFSTTACIMHHLIAVLSILVLSAAAAASDAAQPIAGEAYWSKVLPNTPMPRSIKDLLIPAGTYTHSGPISNGRHFRMKKINIWSR*	incomplete	102
Crpow_TRINITY_DN4617_c0_g1	26	KCS11_ARATH	KCS11_ARATH	3-ketoacyl-CoA synthase 11 {ECO:0000303|PubMed:18465198}	3-ketoacyl-CoA synthase 11 {ECO:0000303|PubMed:18465198}	.	.	ENOG502QPKZ	ACP_syn_III_C,FAE1_CUT1_RppA	I	3-ketoacyl-coa synthase	GO:0016021^cellular_component^integral component of membrane`GO:0102756^molecular_function^very-long-chain 3-ketoacyl-CoA synthase activity`GO:0006633^biological_process^fatty acid biosynthetic process`GO:0009409^biological_process^response to cold`GO:0009416^biological_process^response to light stimulus	.	GO:0003674`GO:0003824`GO:0004312`GO:0006725`GO:0006950`GO:0006970`GO:0008150`GO:0008152`GO:0009058`GO:0009266`GO:0009314`GO:0009409`GO:0009416`GO:0009611`GO:0009628`GO:0009698`GO:0009699`GO:0009922`GO:0009987`GO:0010345`GO:0016740`GO:0016746`GO:0016747`GO:0019438`GO:0019748`GO:0044237`GO:0044249`GO:0044550`GO:0050896`GO:0071704`GO:1901360`GO:1901362`GO:1901576	KEGG:ath:AT2G26640	ko:K15397	MPSFAKHDGYNHLISYIMPLGLAIVLVLLTDLFLHDRMYPWSHLVLCFLLSASATAVYSATRPRPVYLVDFSCYKHDESCKYTRESFVARSIELNNFTEENVLFQKKILERLGLGQSTYFPEAVARIPPDLRVSEARKEGEMVMFGAVGELLAKTGVEAKDIGILIVNCSLFSPTPSLADMIMHRFKLREDVVCHNLSGMGCSAGLISVDLARHLLMGHPNSYALVVSTENITLNGYYGNKRSMLVTNCLFRVGGAAVLLSNHRSSRARAKYVLTDLIRTHEGSNDESYNCVTQEEDEVGKVGVSLSKDLMTVAGEALKANITTLGPRVLPISEQLRFLCMMITRRLPRNKAKSYVPDFKLAFEHFCIHAGGRAILGEIEKSLGVSDWHMEPSRMTLYRFGNTSSSSLWYELGYSEAKKRIKKGDRIWQIAFGSGFKCNSVVWRALRDVEATSKYPWMDAIDEFPVHVPRVATINL*	complete	477
Crpow_TRINITY_DN4714_c0_g1	26	XTH32_ARATH	XTH32_ARATH	Probable xyloglucan endotransglucosylase/hydrolase protein 32	Probable xyloglucan endotransglucosylase/hydrolase protein 32	.	.	ENOG502QQC7	Glyco_hydro_16,XET_C	G	Catalyzes xyloglucan endohydrolysis (XEH) and or endotransglycosylation (XET). Cleaves and religates xyloglucan polymers, an essential constituent of the primary cell wall, and thereby participates in cell wall construction of growing tissues	GO:0048046^cellular_component^apoplast`GO:0004553^molecular_function^hydrolase activity, hydrolyzing O-glycosyl compounds`GO:0030247^molecular_function^polysaccharide binding`GO:0016762^molecular_function^xyloglucan:xyloglucosyl transferase activity`GO:0042546^biological_process^cell wall biogenesis`GO:0016998^biological_process^cell wall macromolecule catabolic process`GO:0071555^biological_process^cell wall organization`GO:0010411^biological_process^xyloglucan metabolic process	.	GO:0008150`GO:0008152`GO:0009056`GO:0009987`GO:0016998`GO:0043170`GO:0044036`GO:0044237`GO:0044248`GO:0044260`GO:0071554`GO:0071704	KEGG:ath:AT2G36870	ko:K08235	MALSLLLQLLLIFIFPCANSQPSPGYYPSSKIVQSGFHRLFDNRWGPQHQTVSQDQSSLTIWLDKSSGSGFKSIRPYRSGYFGASVKLQAGYTAGVNTAFYLSNNEALPGNHDEVDIEFLGTIPGKPYTLQTNVYVRGSGDGMIIGREMRFHLWFDPTVDFHNYAILWNSDEIVFFVDDIPIRTYPRKSNATFPQRPMWVYGSIWDASSWATEGGKYKADYHYQPFVSQLTKFKIGGCTPDAPPTCRPVAASPTGSALSPQQYAAMRWAQNSFMVYDYCSDSSRDHSLTPEC*	complete	293
Crpow_TRINITY_DN47526_c0_g1	26	.	.	.	.	.	.	.	.	.		.	.	.	.	.	GGDHSESKTLIVAVPPDHIGEQEDSPKTEHEERIYEAINDKGNIEADIHEEKVDSEEPAIITALVQGDHNQEDIKLKETEDSDRMDDLVKAISEMVAPKDDKENIKNEATLNKDFDECTNNHVSVEETIHGEVAQKNEEGR	incomplete	142
Crpow_TRINITY_DN47726_c0_g1	26	.	.	.	.	.	.	.	.	.		.	.	.	.	.	GIQHTSTSSSLSLILLYIWCRVGYRGLKNLEEVQVKKSKCLDREIPAGFCFKMREDNFVVPSCTKSTVVNKDCRINPFDSCKLDLFLGLLLGSDLVKIEIEIM*	incomplete	104
Crpow_TRINITY_DN4890_c0_g1	26																		
Crpow_TRINITY_DN4890_c0_g2	26	CHUP1_ARATH	CHUP1_ARATH	Protein CHUP1, chloroplastic	Protein CHUP1, chloroplastic	.	.	ENOG502QQ13	.	S	Protein CHUP1, chloroplastic-like	GO:0009507^cellular_component^chloroplast`GO:0009707^cellular_component^chloroplast outer membrane`GO:0005829^cellular_component^cytosol`GO:0009658^biological_process^chloroplast organization`GO:0009902^biological_process^chloroplast relocation	.	.	KEGG:ath:AT3G25690	.	EKEEEEEVKTISNLISAASTAALSQQEDDEDILPEFESLLSGEIDFPLPDNMFDTKTTSQYDIEMANYASEVERLRTLVKELEEREVKLEGELLEYYGLKEQETDFTELQKQLRIKTGEVDMLNITINSMQAERKKLQEEVVGGVAARKELEVARNKIKELQRQVQLDAGTTKGQLLLLKQQVSLLQVKEEEAARKDAELERKLKGIRDLEVEVVELRRKNKELQHEKRELTVKLDAAEGRVNELSNMTETEMISKAREEINNLRHANEDLSKQVEGLQMNRFSEVEELVYLRWVNACLRFELRNYQNPSGKLSARDLNKNLSPKSQERAKRLMLEYAGSERGQGDTDLESIPSPPSSPGGSEDFDNASIDSYSSRFSSLSKKPNLIQKLKRWGKSKDDGSSLASPARSFGGSSPMRTSVSQRSAKGPLESLMLRNAMDYNAITTFGKSTENDSNEFVDDMSLPRIKTGVASSNPLNSVASSFQLMSKSVEGVADEKYPAFKDRHKLALER	incomplete	512
Crpow_TRINITY_DN4922_c1_g1	26	PME2_CITSI	PME22_SOLLC	Pectinesterase 2	Pectinesterase 2.2	.	.	ENOG502QSQ4`ENOG502QSQ4	PMEI,Pectinesterase	G	Pectinesterase	GO:0005576^cellular_component^extracellular region`GO:0045330^molecular_function^aspartyl esterase activity`GO:0004857^molecular_function^enzyme inhibitor activity`GO:0030599^molecular_function^pectinesterase activity`GO:0042545^biological_process^cell wall modification`GO:0045490^biological_process^pectin catabolic process	.	GO:0003674`GO:0003824`GO:0004857`GO:0005575`GO:0005623`GO:0008150`GO:0016787`GO:0016788`GO:0030234`GO:0030599`GO:0043086`GO:0044092`GO:0044464`GO:0046910`GO:0050790`GO:0052689`GO:0065007`GO:0065009`GO:0071944`GO:0098772	KEGG:cit:102577945`KEGG:cit:102577945	ko:K01051	FIFGNAAAVFQNCLIQPRKPGSGQRNSVTAQGRLDPNQNTGFSFHNSRVVGLSGLAGTPTYLGRPWHKYSRTVFMETYLDGSINSAGWLEWSGDFALSTLYYGEYKNTGPGSSTSRRVKWPGVHSSLTDSDASKFTVGQFIFGDAWLPRTGVEYNSGL*	incomplete	159
Crpow_TRINITY_DN5052_c0_g1	26	MADS2_VITVI	MADS2_VITVI	Agamous-like MADS-box protein MADS2 {ECO:0000305}	Agamous-like MADS-box protein MADS2 {ECO:0000305}	.	.	KOG0014	K-box,SRF-TF	K	K-box region	GO:0005634^cellular_component^nucleus`GO:0000981^molecular_function^DNA-binding transcription factor activity, RNA polymerase II-specific`GO:0046983^molecular_function^protein dimerization activity`GO:0000978^molecular_function^RNA polymerase II cis-regulatory region sequence-specific DNA binding`GO:0009908^biological_process^flower development`GO:0045944^biological_process^positive regulation of transcription by RNA polymerase II`GO:0006357^biological_process^regulation of transcription by RNA polymerase II	.	GO:0000003`GO:0003002`GO:0003006`GO:0003674`GO:0003676`GO:0003677`GO:0003700`GO:0005488`GO:0005515`GO:0005575`GO:0005622`GO:0005623`GO:0005634`GO:0006355`GO:0007275`GO:0007389`GO:0008134`GO:0008150`GO:0009653`GO:0009791`GO:0009888`GO:0009889`GO:0009908`GO:0010022`GO:0010073`GO:0010093`GO:0010468`GO:0010556`GO:0010582`GO:0019219`GO:0019222`GO:0022414`GO:0031323`GO:0031326`GO:0032501`GO:0032502`GO:0035670`GO:0043226`GO:0043227`GO:0043229`GO:0043231`GO:0044424`GO:0044464`GO:0046983`GO:0048367`GO:0048437`GO:0048438`GO:0048440`GO:0048444`GO:0048449`GO:0048467`GO:0048481`GO:0048507`GO:0048509`GO:0048608`GO:0048646`GO:0048731`GO:0048827`GO:0048856`GO:0050789`GO:0050793`GO:0050794`GO:0051171`GO:0051252`GO:0060255`GO:0061458`GO:0065007`GO:0080090`GO:0090567`GO:0090696`GO:0090697`GO:0090698`GO:0090701`GO:0097159`GO:0099402`GO:0140110`GO:1901363`GO:1903506`GO:1905392`GO:1905393`GO:2000112`GO:2001141	KEGG:vvi:100232867	ko:K09264	MPGRNFKYACCFMYIYFLFLKTFSLQLQEVDSENPLQLSWQIGGGGSGKGSGTHCHQQQSEDFFQPLGCDPSLQIGFSPMAMDQLNYGASSSHNVNGFAHGWM*	complete	104
Crpow_TRINITY_DN50751_c0_g2	26	XTH1_DIOKA	XTH21_ARATH	Xyloglucan endotransglucosylase protein 1 {ECO:0000305}	Probable xyloglucan endotransglucosylase/hydrolase protein 21	.	.	ENOG502R75F`ENOG502R75F	Glyco_hydro_16,XET_C	G	Catalyzes xyloglucan endohydrolysis (XEH) and or endotransglycosylation (XET). Cleaves and religates xyloglucan polymers, an essential constituent of the primary cell wall, and thereby participates in cell wall construction of growing tissues	GO:0048046^cellular_component^apoplast`GO:0004553^molecular_function^hydrolase activity, hydrolyzing O-glycosyl compounds`GO:0016762^molecular_function^xyloglucan:xyloglucosyl transferase activity`GO:0042546^biological_process^cell wall biogenesis`GO:0071555^biological_process^cell wall organization`GO:0010411^biological_process^xyloglucan metabolic process	.	.	KEGG:ath:AT2G18800`KEGG:ath:AT2G18800	ko:K08235`ko:K14504	MYTSLMMFALLVVSSSLSLVTHGGNFYDDIEMQWGSGRGRILGNGNLLSLSLDKYSGSGFQSKSAYLFGRLDMQIKLVPGNSAGTVTTFYVSYTCARAHIHPTEYQPKSLCMCHA*	complete	116
Crpow_TRINITY_DN54071_c0_g1	26																		
Crpow_TRINITY_DN5564_c0_g1	26																		
Crpow_TRINITY_DN55757_c0_g1	26	.	.	.	.	.	.	.	.	42345.XP_008780773.1^1.78e-18^87.4^COG Category: .^Description: .^2E9F8@1|root,2SFTA@2759|Eukaryota,387X1@33090|Viridiplantae,3GVZP@35493|Streptophyta,3M1A4@4447|Liliopsida^EC:.	.	.	.	.	.	.	MDALSTTLPASSLLPKSFISTNSNSSSSHHHHPLHLLRPPPSSSSKTNPPHFSTNNKTNHSLKPTLPSSIPSSLSPPPTLTPTLQTHRRAATGYAAALLDAAYCDAVSLQTRPCQGSTHPGATLAAVAKDARRVKRMVRAVLEDERVEEESKGEAVKRAVEGGGLYKKLVVLVKMLVRKGRVGAVEEAMEEFGRLWAELCGIKEKKGGSMLVGAGEPRLAI*	complete	222
Crpow_TRINITY_DN55787_c0_g1	26	TPSGD_VITVI	TPSGD_VITVI	(-)-germacrene D synthase	(-)-germacrene D synthase	.	.	ENOG502QUCN	Terpene_synth,Terpene_synth_C	S	synthase	GO:0005737^cellular_component^cytoplasm`GO:0034004^molecular_function^germacradienol synthase activity`GO:0052577^molecular_function^germacrene-D synthase activity`GO:0000287^molecular_function^magnesium ion binding`GO:0016102^biological_process^diterpenoid biosynthetic process	.	.	KEGG:vvi:100232954	ko:K14174`ko:K14184`ko:K15797`ko:K15803`ko:K22061	MKDLVGAYFEEAKWASRGYTPTLEEYLNISVISSGYPMLACASLILTGEQVTRDALDWVLKVPRIVEASALIARLMDDLVSTKVCIYQKRLLNSIHSLVEFESTCGWIKHNW*	complete	113
Crpow_TRINITY_DN558369_c0_g1	26																		
Crpow_TRINITY_DN56031_c4_g1	26	.	.	.	.	.	.	.	.	.		.	.	.	.	.	GGGGGAGGGGGIGGGHGIGGGIGGGGGAGGGIGGGGGAGGGGGLGGGHGIGGGAGGGAGGGAGGGAGGGIGGGVGGGGGAGGGGGIGGGHGIGGGIGGGSGGGAGGGI	incomplete	109
Crpow_TRINITY_DN5819_c1_g2	26	CSA_ORYSJ	CSA_ORYSJ	Transcription factor CSA {ECO:0000305}	Transcription factor CSA {ECO:0000305}	.	.	KOG0048	Myb_DNA-binding	K	transcription factor	GO:0005634^cellular_component^nucleus`GO:0000981^molecular_function^DNA-binding transcription factor activity, RNA polymerase II-specific`GO:0000978^molecular_function^RNA polymerase II cis-regulatory region sequence-specific DNA binding`GO:0006355^biological_process^regulation of DNA-templated transcription	.	GO:0000003`GO:0000976`GO:0000977`GO:0000978`GO:0000981`GO:0000987`GO:0000988`GO:0000989`GO:0001012`GO:0001067`GO:0001076`GO:0001101`GO:0001134`GO:0001135`GO:0001935`GO:0003006`GO:0003674`GO:0003676`GO:0003677`GO:0003690`GO:0003700`GO:0005488`GO:0005515`GO:0005575`GO:0005622`GO:0005623`GO:0005634`GO:0005737`GO:0005829`GO:0006355`GO:0006357`GO:0006950`GO:0006952`GO:0006970`GO:0007275`GO:0008150`GO:0008283`GO:0009414`GO:0009415`GO:0009605`GO:0009607`GO:0009617`GO:0009620`GO:0009628`GO:0009651`GO:0009653`GO:0009719`GO:0009723`GO:0009725`GO:0009733`GO:0009737`GO:0009739`GO:0009741`GO:0009751`GO:0009753`GO:0009791`GO:0009888`GO:0009889`GO:0009891`GO:0009893`GO:0009908`GO:0009966`GO:0009967`GO:0009987`GO:0010033`GO:0010035`GO:0010038`GO:0010200`GO:0010243`GO:0010468`GO:0010556`GO:0010557`GO:0010604`GO:0010628`GO:0010646`GO:0010647`GO:0010928`GO:0010929`GO:0014070`GO:0019219`GO:0019222`GO:0022414`GO:0023051`GO:0023056`GO:0030154`GO:0031323`GO:0031325`GO:0031326`GO:0031328`GO:0032501`GO:0032502`GO:0032870`GO:0033993`GO:0035670`GO:0040008`GO:0042221`GO:0042493`GO:0042742`GO:0042802`GO:0042803`GO:0043207`GO:0043226`GO:0043227`GO:0043229`GO:0043231`GO:0043565`GO:0044212`GO:0044424`GO:0044444`GO:0044464`GO:0045893`GO:0045935`GO:0046677`GO:0046686`GO:0046983`GO:0048367`GO:0048437`GO:0048438`GO:0048440`GO:0048467`GO:0048481`GO:0048518`GO:0048519`GO:0048522`GO:0048523`GO:0048532`GO:0048579`GO:0048580`GO:0048581`GO:0048583`GO:0048584`GO:0048585`GO:0048586`GO:0048608`GO:0048638`GO:0048731`GO:0048827`GO:0048856`GO:0048869`GO:0050673`GO:0050789`GO:0050793`GO:0050794`GO:0050832`GO:0050896`GO:0051093`GO:0051171`GO:0051173`GO:0051239`GO:0051241`GO:0051252`GO:0051254`GO:0051302`GO:0051704`GO:0051707`GO:0051716`GO:0051782`GO:0060255`GO:0061458`GO:0065007`GO:0070887`GO:0071310`GO:0071367`GO:0071396`GO:0071407`GO:0071495`GO:0080050`GO:0080060`GO:0080090`GO:0080113`GO:0090567`GO:0097159`GO:0097305`GO:0098542`GO:0099402`GO:0140110`GO:1901363`GO:1901698`GO:1901700`GO:1901701`GO:1902680`GO:1903506`GO:1903508`GO:1904961`GO:1990837`GO:2000022`GO:2000026`GO:2000028`GO:2000031`GO:2000112`GO:2000241`GO:2000242`GO:2001023`GO:2001038`GO:2001141	KEGG:osa:4325181	ko:K09422	PSLSLSFYSLYVCFTSYKLFSLRCLRLSSKMGIHKSETGLFSSAPPSLKDESDQSLDGGGESEKEREKSKLCCRGHWKPTEDAMLRELVSQYGPQNWNLIAEKLQGRSGKSCRLRWFNQLDPRINRRAFSEEEEERLLDAHKAYGNKWATIARIFPGRTDNAVKNHWHVIMARKQRERTATSFKRRRFPD	incomplete	191
Crpow_TRINITY_DN59027_c0_g1	26																		
Crpow_TRINITY_DN62411_c0_g1	26																		
Crpow_TRINITY_DN6321_c8_g1	26																		
Crpow_TRINITY_DN63991_c0_g1	26	LERK1_ORYSI	LERK1_ORYSI	G-type lectin S-receptor-like serine/threonine-protein kinase LECRK1 {ECO:0000305}	G-type lectin S-receptor-like serine/threonine-protein kinase LECRK1 {ECO:0000305}	.	.	.	B_lectin,DUF3403,PAN_2,Pkinase,Pkinase_Tyr	G	Serine threonine-protein kinase	GO:0016021^cellular_component^integral component of membrane`GO:0005524^molecular_function^ATP binding`GO:0030246^molecular_function^carbohydrate binding`GO:0106310^molecular_function^protein serine kinase activity`GO:0004674^molecular_function^protein serine/threonine kinase activity`GO:0004712^molecular_function^protein serine/threonine/tyrosine kinase activity`GO:0006952^biological_process^defense response	.	GO:0003674`GO:0003824`GO:0004672`GO:0004674`GO:0005575`GO:0005623`GO:0005886`GO:0006464`GO:0006468`GO:0006793`GO:0006796`GO:0006807`GO:0008150`GO:0008152`GO:0009987`GO:0016020`GO:0016301`GO:0016310`GO:0016740`GO:0016772`GO:0016773`GO:0019538`GO:0036211`GO:0043170`GO:0043412`GO:0044237`GO:0044238`GO:0044260`GO:0044267`GO:0044464`GO:0071704`GO:0071944`GO:0140096`GO:1901564	.	.	LMDDDYAKGRFLLTLQPDGNLVMYPVAFPTDSTYSAYWASETSGTGIQLVFNETGRLFLLFQNGSRFPVLPAPAVTRDYYVRATLDPDGVFRSVSLNLSS*	incomplete	101
Crpow_TRINITY_DN68241_c1_g1	26																		
Crpow_TRINITY_DN6825_c0_g2	26	MADS4_VITVI	MADS4_VITVI	Agamous-like MADS-box protein MADS4 {ECO:0000305}	Agamous-like MADS-box protein MADS4 {ECO:0000305}	.	.	KOG0014	K-box,SRF-TF	K	Agamous-like MADS-box protein AGL9 homolog	GO:0005634^cellular_component^nucleus`GO:0000981^molecular_function^DNA-binding transcription factor activity, RNA polymerase II-specific`GO:0046983^molecular_function^protein dimerization activity`GO:0000978^molecular_function^RNA polymerase II cis-regulatory region sequence-specific DNA binding`GO:0001708^biological_process^cell fate specification`GO:0080001^biological_process^mucilage extrusion from seed coat`GO:0048481^biological_process^plant ovule development`GO:0045944^biological_process^positive regulation of transcription by RNA polymerase II`GO:0006357^biological_process^regulation of transcription by RNA polymerase II`GO:0010214^biological_process^seed coat development`GO:0010093^biological_process^specification of floral organ identity`GO:0048833^biological_process^specification of floral organ number	.	GO:0000003`GO:0001708`GO:0003002`GO:0003006`GO:0003674`GO:0003676`GO:0003677`GO:0003700`GO:0005488`GO:0005575`GO:0005622`GO:0005623`GO:0005634`GO:0006355`GO:0007275`GO:0007389`GO:0008150`GO:0009653`GO:0009791`GO:0009889`GO:0009908`GO:0009987`GO:0010093`GO:0010468`GO:0010556`GO:0019219`GO:0019222`GO:0022414`GO:0030154`GO:0031323`GO:0031326`GO:0032501`GO:0032502`GO:0035670`GO:0043226`GO:0043227`GO:0043229`GO:0043231`GO:0044424`GO:0044464`GO:0045165`GO:0048367`GO:0048437`GO:0048438`GO:0048440`GO:0048444`GO:0048449`GO:0048467`GO:0048481`GO:0048608`GO:0048646`GO:0048731`GO:0048827`GO:0048832`GO:0048833`GO:0048856`GO:0048869`GO:0050789`GO:0050793`GO:0050794`GO:0051171`GO:0051252`GO:0060255`GO:0061458`GO:0065007`GO:0080090`GO:0090567`GO:0090696`GO:0090697`GO:0090698`GO:0090701`GO:0097159`GO:0099402`GO:0140110`GO:1901363`GO:1903506`GO:1905392`GO:1905393`GO:2000112`GO:2001141	KEGG:vvi:100232869	ko:K09260`ko:K09264	MGRGRVELKRIENKINRQVTFAKRRNGLLKKAYELSVLCDAEVALIIFSNRGKLYEFCSSSSMLKTLERYQKCSYGPPDNSVQIRENQMLHSSHQEYMKLKARVEALQRSQRNLLGEDLGPLSGKELDQLERQLDSSLKQIRSTRTQYMLDQLADLQRNEQMLCEANRSLRKTLADSSQANQQQVWEANANAMGYGRQSNQPQGDELFHPLGCQPTLQIGFPPDQMPGPSVRNYMPGWLP*	complete	241
Crpow_TRINITY_DN6885_c0_g1	26																		
Crpow_TRINITY_DN6943_c2_g1	26																		
Crpow_TRINITY_DN694_c4_g1	26																		
Crpow_TRINITY_DN72378_c0_g1	26	.	.	.	.	.	.	.	Cu_amine_oxid,Cu_amine_oxidN2,Cu_amine_oxidN3	Q	Copper amine oxidase, enzyme domain	.	.	.	.	ko:K00276	MAATPEKTTPCCNPDPKISKNGGGGVIQGKSIETEEAVRAAMTALISPVVEDIQDPPAKASSKGIQVMMRAQSSHPLDPLSAAEISVAVATVRAAGATPEVRDN	incomplete	105
Crpow_TRINITY_DN72378_c0_g3	26	.	.	.	.	.	.	.	.	.		.	.	.	.	.	LLSLLLLFFLFSWRRRYQNPNVYFSKREKKTNFFNLDPLFSLPHSLGLSKGKGRGGLLHKTKATEICCMSDRGVEGELNYGAGRIGELVNPLQWPQLRKKRRLVVTPAPAPALKSS	incomplete	117
Crpow_TRINITY_DN73457_c1_g3	26	HEC3_ARATH	IND_ARATH	Transcription factor HEC3	Transcription factor IND	.	.	ENOG502RZ93`ENOG502RZ93`ENOG502RZ93`ENOG502RZ93	HLH	K	helix loop helix domain	GO:0005634^cellular_component^nucleus`GO:0003677^molecular_function^DNA binding`GO:0003700^molecular_function^DNA-binding transcription factor activity`GO:0046983^molecular_function^protein dimerization activity`GO:0010197^biological_process^polar nucleus fusion`GO:0006355^biological_process^regulation of DNA-templated transcription	.	GO:0000003`GO:0003006`GO:0003674`GO:0003700`GO:0006355`GO:0007275`GO:0008150`GO:0009653`GO:0009791`GO:0009889`GO:0009908`GO:0010468`GO:0010500`GO:0010556`GO:0019219`GO:0019222`GO:0022414`GO:0031323`GO:0031326`GO:0032501`GO:0032502`GO:0048367`GO:0048437`GO:0048438`GO:0048440`GO:0048444`GO:0048445`GO:0048449`GO:0048462`GO:0048467`GO:0048608`GO:0048646`GO:0048731`GO:0048827`GO:0048856`GO:0050789`GO:0050794`GO:0051171`GO:0051252`GO:0060255`GO:0061458`GO:0065007`GO:0080090`GO:0090567`GO:0090696`GO:0090697`GO:0090698`GO:0099402`GO:0140110`GO:1903506`GO:1905392`GO:1905393`GO:2000112`GO:2001141	KEGG:ath:AT4G00120`KEGG:ath:AT5G09750`KEGG:ath:AT4G00120`KEGG:ath:AT5G09750	.	MGNHLLVGDQIHTPNEFLSPLDQFHTHLLSPPTFPYNSNGTQLEGHDNNTHIHEPQEDEEEGLGEMKEMMYKIAAMQPINIDPSTIKKPKRRNVRISDDPQSTAARHRRERISERIRILQRLVPGGTKMDTASMLDEAIRYVKFLKRQVQELQANPSQPSQGGHVAMDWGSSSSSAMGAHSGLGFGFPGDGPGDRMGR*	complete	221
Crpow_TRINITY_DN7407_c0_g2	26	XTH1_DIOKA	XTH1_DIOKA	Xyloglucan endotransglucosylase protein 1 {ECO:0000305}	Xyloglucan endotransglucosylase protein 1 {ECO:0000305}	.	.	.	Glyco_hydro_16,XET_C	G	Catalyzes xyloglucan endohydrolysis (XEH) and or endotransglycosylation (XET). Cleaves and religates xyloglucan polymers, an essential constituent of the primary cell wall, and thereby participates in cell wall construction of growing tissues	GO:0048046^cellular_component^apoplast`GO:0004553^molecular_function^hydrolase activity, hydrolyzing O-glycosyl compounds`GO:0016762^molecular_function^xyloglucan:xyloglucosyl transferase activity`GO:0042546^biological_process^cell wall biogenesis`GO:0071555^biological_process^cell wall organization`GO:0010411^biological_process^xyloglucan metabolic process	.	.	.	ko:K08235`ko:K14504	MASSFVLLLTLAISFAAAASAGNFYQDVDVTWGDGRGKILNNGQLLTLSLDKASGSGFQSKNEYLFGKIDMQIKLVPGNSAGTVTAYYLSSQGPTHDEIDFEFLGNLSRDPYILHTNLFTQGKGNREQQFYLWFDPTADNNTKS	incomplete	145
Crpow_TRINITY_DN7407_c1_g2	26																		
Crpow_TRINITY_DN7407_c1_g4	26	XTH1_DIOKA	XTH1_DIOKA	Xyloglucan endotransglucosylase protein 1 {ECO:0000305}	Xyloglucan endotransglucosylase protein 1 {ECO:0000305}	.	.	.	Glyco_hydro_16,XET_C	G	Catalyzes xyloglucan endohydrolysis (XEH) and or endotransglycosylation (XET). Cleaves and religates xyloglucan polymers, an essential constituent of the primary cell wall, and thereby participates in cell wall construction of growing tissues	GO:0048046^cellular_component^apoplast`GO:0004553^molecular_function^hydrolase activity, hydrolyzing O-glycosyl compounds`GO:0016762^molecular_function^xyloglucan:xyloglucosyl transferase activity`GO:0042546^biological_process^cell wall biogenesis`GO:0071555^biological_process^cell wall organization`GO:0010411^biological_process^xyloglucan metabolic process	.	.	.	ko:K08235	FYLSSQGPDKELNHDEIDFEFLGNLTGDPYTLHTNLFTGGKGCREMQFHLWFDPTKNFHTYSILWNPRHIIFLVDNIPIRDFKNRESMGIPFPKSQSMRLYSSLWDAEDWA	incomplete	112
Crpow_TRINITY_DN7571_c0_g1	26																		
Crpow_TRINITY_DN7571_c0_g2	26																		
Crpow_TRINITY_DN785_c0_g2	26	GLYI4_ARATH	GLYI4_ARATH	Glyoxylase I 4 {ECO:0000303|PubMed:30483284, ECO:0000303|PubMed:31652571}	Glyoxylase I 4 {ECO:0000303|PubMed:30483284, ECO:0000303|PubMed:31652571}	.	.	ENOG502QSP6	Glyoxalase	S	Glyoxalase/Bleomycin resistance protein/Dioxygenase superfamily	GO:0005737^cellular_component^cytoplasm`GO:0005886^cellular_component^plasma membrane`GO:0016829^molecular_function^lyase activity`GO:0140041^biological_process^cellular detoxification of methylglyoxal`GO:0006952^biological_process^defense response`GO:0009787^biological_process^regulation of abscisic acid-activated signaling pathway`GO:2000022^biological_process^regulation of jasmonic acid mediated signaling pathway`GO:2000031^biological_process^regulation of salicylic acid mediated signaling pathway`GO:0009409^biological_process^response to cold`GO:0009408^biological_process^response to heat`GO:0009753^biological_process^response to jasmonic acid`GO:0051595^biological_process^response to methylglyoxal`GO:0010045^biological_process^response to nickel cation`GO:0006970^biological_process^response to osmotic stress`GO:0006979^biological_process^response to oxidative stress`GO:1902074^biological_process^response to salt`GO:0010224^biological_process^response to UV-B`GO:0009414^biological_process^response to water deprivation`GO:0009611^biological_process^response to wounding	.	.	KEGG:ath:AT1G15380	.	HQFLRRRLIKLVKKMVGSKGGVLPLKSLNHVSLMCRSVGSSLDFYQNVLGFVPVRRPGSFDFDGAWLFNYGIGIHLIQSEDPDSMPKKPEINPKDNHISFQCESMSSVEK	incomplete	111
Crpow_TRINITY_DN7949_c0_g1	26	.	.	.	.	.	.	.	.	.		.	.	.	.	.	MASSYTRIFLALFVALLGVHASLAARHLLDTPAASAVPTLPTIPTLPIPTTPTLPKPTLPPMPTATLPTLALPLIPAIPTIPTVPTIPTIPTTLPPLPTIPAIPGVQMPPIPFLSPPPAATSP*	complete	124
Crpow_TRINITY_DN81614_c1_g1	26																		
Crpow_TRINITY_DN8491_c0_g1	26	BH137_ARATH	BH137_ARATH	Transcription factor bHLH137	Transcription factor bHLH137	.	.	ENOG502R2X6	HLH	K	transcription factor	GO:0005634^cellular_component^nucleus`GO:0003677^molecular_function^DNA binding`GO:0003700^molecular_function^DNA-binding transcription factor activity`GO:0046983^molecular_function^protein dimerization activity`GO:0071368^biological_process^cellular response to cytokinin stimulus`GO:0042127^biological_process^regulation of cell population proliferation`GO:0009739^biological_process^response to gibberellin	.	.	KEGG:ath:AT5G50915	.	MLQFLSMKIASLNPILYNFGVGFDDYMSQPEEMGSTSQPMPPVIQSSHIPPTAFEGTTNNLQEMVYGQGSQNFPQDSDSFLMQVGGIRRSLELNNMCSFQ*	complete	101
Crpow_TRINITY_DN85486_c0_g1	26																		
Crpow_TRINITY_DN85874_c0_g1	26	HBPL1_ARATH	HBPL1_ARATH	Heme-binding-like protein At3g10130, chloroplastic	Heme-binding-like protein At3g10130, chloroplastic	.	.	ENOG502S2YK	SOUL	S	Heme-binding-like protein At3g10130	GO:0009507^cellular_component^chloroplast`GO:0009535^cellular_component^chloroplast thylakoid membrane`GO:0010287^cellular_component^plastoglobule`GO:0020037^molecular_function^heme binding	.	.	KEGG:ath:AT3G10130	.	MPGKTGFDFNKASLGFNVLAEYLFGKNTTNEQMEMTTPVITRKVQSDGEKMDMTTPVITKQSGDNWAMSFVMPSKYGANLPLPKDPSVRIKEVPQKIVAVVAFSGSLIS*	complete	110
Crpow_TRINITY_DN87033_c0_g2	26	21KD_DAUCA	21KD_DAUCA	21 kDa protein	21 kDa protein	.	.	.	PMEI	S	Plant invertase/pectin methylesterase inhibitor	GO:0004857^molecular_function^enzyme inhibitor activity	.	GO:0003674`GO:0004857`GO:0008150`GO:0009314`GO:0009416`GO:0009628`GO:0009639`GO:0009641`GO:0030234`GO:0043086`GO:0044092`GO:0050790`GO:0050896`GO:0065007`GO:0065009`GO:0098772	.	.	IIKIHPSNFSSQLCAPEMANQSIRSHSCSLSVIVVLSLLSNSHPAAGNGGARILSLQKEPAATKTELQMLFVTSSCNITAYPTLCFNTVSSHATAIQRSPMQLARTALSAALGAARSTLAAFNSISKRGGLSPGVKAAVRDCVETVDDSVDELKRSVEELGHLNMGDKNFRYQLNSIQTWVSAAITDYDTCTDGFDGPGMDGSVQMDVRRRISHVARLTSNALALINRLATTSTP*	incomplete	236
Crpow_TRINITY_DN89604_c2_g1	26																		
Crpow_TRINITY_DN9122_c0_g1	26	MYB4_ORYSJ	MYB4_ORYSJ	Transcription factor MYB4 {ECO:0000305}	Transcription factor MYB4 {ECO:0000305}	.	.	KOG0048	Myb_DNA-binding	K	Myb-related protein Myb4	GO:0005634^cellular_component^nucleus`GO:0003677^molecular_function^DNA binding`GO:0045893^biological_process^positive regulation of DNA-templated transcription`GO:0009409^biological_process^response to cold	.	GO:0000981`GO:0000988`GO:0000989`GO:0001067`GO:0001076`GO:0001101`GO:0001134`GO:0001135`GO:0003674`GO:0003676`GO:0003677`GO:0003700`GO:0005488`GO:0005575`GO:0005622`GO:0005623`GO:0005634`GO:0006355`GO:0006357`GO:0006950`GO:0006970`GO:0008150`GO:0009266`GO:0009409`GO:0009414`GO:0009415`GO:0009628`GO:0009651`GO:0009719`GO:0009723`GO:0009725`GO:0009733`GO:0009753`GO:0009889`GO:0009891`GO:0009893`GO:0009987`GO:0010033`GO:0010035`GO:0010038`GO:0010200`GO:0010243`GO:0010468`GO:0010556`GO:0010557`GO:0010604`GO:0010628`GO:0019219`GO:0019222`GO:0030154`GO:0031323`GO:0031325`GO:0031326`GO:0031328`GO:0032502`GO:0042221`GO:0042493`GO:0043226`GO:0043227`GO:0043229`GO:0043231`GO:0043565`GO:0044212`GO:0044424`GO:0044464`GO:0045893`GO:0045935`GO:0046686`GO:0048518`GO:0048522`GO:0048869`GO:0050789`GO:0050794`GO:0050896`GO:0051171`GO:0051173`GO:0051252`GO:0051254`GO:0060255`GO:0065007`GO:0080090`GO:0097159`GO:0140110`GO:1901363`GO:1901698`GO:1901700`GO:1902680`GO:1903506`GO:1903508`GO:2000112`GO:2001141	KEGG:osa:4336407	ko:K09422	MQTNASTTNSSFGNFSISPVYSPSWSPSDISSSGSANVTNDQSFDSSSHGFLEIDESFWSEALSMENCIGENLSSNVSSSDDDRDFWLRVFMESGNLHDLPEL*	complete	104
Crpow_TRINITY_DN91480_c0_g1	26	PSBS1_ORYSJ	PSBS_SPIOL	Photosystem II 22 kDa protein 1, chloroplastic {ECO:0000305}	Photosystem II 22 kDa protein, chloroplastic	.	.	ENOG502QTMT`ENOG502QTMT	Chloroa_b-bind	S	Chlorophyll A-B binding protein	GO:0009535^cellular_component^chloroplast thylakoid membrane`GO:0016021^cellular_component^integral component of membrane`GO:0009523^cellular_component^photosystem II`GO:0010196^biological_process^nonphotochemical quenching`GO:0015979^biological_process^photosynthesis`GO:0009644^biological_process^response to high light intensity	.	GO:0005575`GO:0005622`GO:0005623`GO:0005737`GO:0006810`GO:0008150`GO:0009507`GO:0009534`GO:0009535`GO:0009536`GO:0009579`GO:0016020`GO:0031976`GO:0031984`GO:0034357`GO:0042651`GO:0043226`GO:0043227`GO:0043229`GO:0043231`GO:0044422`GO:0044424`GO:0044434`GO:0044435`GO:0044436`GO:0044444`GO:0044446`GO:0044464`GO:0051179`GO:0051234`GO:0055035`GO:0055085	KEGG:osa:4324933`KEGG:osa:4324933	ko:K03542	MAQSLCMSSLSGNHVLDSKREPLLQSQLRRLRPTPFSHLVLSPRQHLPCYSSSYAPTLALFKSKTKAPPRKVEKVKPKVEDGIFGTSGGIGFTKENELFVGRVAMIGFAASLLGEGITGKGILAQLNLETGIPIYEAEPLLLFFILFTLLGAIGALGDRGRFVDDPPTGLDKAVIAPGKGFRSALGLKEGGPLFGFTKSNELFVGRLAQLGIAFSLIGEIITGKGALAQLNIETGVPINELEPLIIFNVIFFFFAALNPGTGKFVTDEEDE*	complete	272
Crpow_TRINITY_DN9351_c1_g1	26																		
Crpow_TRINITY_DN957_c0_g1	26	XTH23_ARATH	XTH23_ARATH	Probable xyloglucan endotransglucosylase/hydrolase protein 23	Probable xyloglucan endotransglucosylase/hydrolase protein 23	.	.	ENOG502QQ71	Glyco_hydro_16,XET_C	G	Catalyzes xyloglucan endohydrolysis (XEH) and or endotransglycosylation (XET). Cleaves and religates xyloglucan polymers, an essential constituent of the primary cell wall, and thereby participates in cell wall construction of growing tissues	GO:0048046^cellular_component^apoplast`GO:0005794^cellular_component^Golgi apparatus`GO:0004553^molecular_function^hydrolase activity, hydrolyzing O-glycosyl compounds`GO:0030247^molecular_function^polysaccharide binding`GO:0016762^molecular_function^xyloglucan:xyloglucosyl transferase activity`GO:0042546^biological_process^cell wall biogenesis`GO:0071555^biological_process^cell wall organization`GO:0010411^biological_process^xyloglucan metabolic process	.	.	KEGG:ath:AT4G25810	ko:K08235`ko:K14504	FLGNLSGDPYILHTNVFTQGKGNREQQFYLWFDPTADFHTYSVLWNPTHVVFYVDGTPIREFKNRESMGIPYPNNQPMRLYSSLWDAEDWATRGGLVKTDWSQAPFTASFRNFNADACVWVSGSSSCPASKNEWMYQQMDGQSLQKMRWVQKNYMVYNYCTDAKRFPQGLPPECSAS*	incomplete	178
Crpow_TRINITY_DN96305_c0_g2	26	.	.	.	.	.	.	.	CCT	K	CCT motif	.	.	GO:0005575`GO:0005622`GO:0005623`GO:0005634`GO:0008150`GO:0043226`GO:0043227`GO:0043229`GO:0043231`GO:0044424`GO:0044464`GO:0048519`GO:0048579`GO:0048580`GO:0048581`GO:0048583`GO:0048585`GO:0048586`GO:0050789`GO:0050793`GO:0051093`GO:0051239`GO:0051241`GO:0065007`GO:2000026`GO:2000028`GO:2000241`GO:2000242	.	.	RILHVGGAAIARYLLLNSYWPPTPTSPHPASTETHKLKSLWDRTPITTNSTSTAAFSCTANLEGSLFDRMSSNPNVFCALCNYSGGHNFTCPHGGTNVTDLNRAIPMLIPDVNLDHPVDHGNQGLQELQFFGNDDTLAWLFNDSSKAAGNEGLHQQQQEEAAVVVEEQAASYNYLDLEGGFRNSCNRGRLTFDVCLSGTASSPDSMIGQSPPVEVPTTSNMVSGNSTC*	incomplete	229
Crpow_TRINITY_DN9658_c1_g2	26																		
Crpow_TRINITY_DN9809_c0_g1	26	.	.	.	.	.	.	.	.	.		.	.	.	.	.	MESVVALVADLAVALVVAPAVGLAEGLVGVPVVELAEDSVVVMEAALVAVLEEEKVEVLASVVVLAEDSVVVAVPEEDSEVVPAVDSEAVEVLVEDLVVVTEAALVAVSEEEKVEVLASVVVLAEDSVVVAVPEEDSEVVPAVDSEAVEVLVEDLTVMPLAGHRSLIIGKFL*	complete	173
Crpow_TRINITY_DN98889_c2_g1	26																		
Crpow_TRINITY_DN99056_c0_g2	26																		
Crpow_TRINITY_DN9930_c0_g1	26	GH5FP_CHAOB	GH5FP_CHAOB	Glycosyl hydrolase 5 family protein {ECO:0000303|PubMed:27237746}	Glycosyl hydrolase 5 family protein {ECO:0000303|PubMed:27237746}	.	.	.	Cellulase,Ricin_B_lectin	G	Belongs to the glycosyl hydrolase 5 (cellulase A) family	GO:0004553^molecular_function^hydrolase activity, hydrolyzing O-glycosyl compounds`GO:0005975^biological_process^carbohydrate metabolic process	.	.	.	.	MSFVQVLLFFLLSIILHHLPQLTTSLPLSTSSRWIVDESGRRVKLACVNWVSHLEPMVAEGLGKRPLDAISKGVASMGFNCVRLTWPLSLVTDDSLRNVTVRRSFEDLGLAESIGGIKANNPDMLNRTLIEAYKAVVQNLADNRIMVILDNHISKPGWCCSDSDGSGFFGDDYFDPDEWIQGLTRMATMFNGSSNVVGMSLRNELRGPKQNDDDWYRSNKQQK*	complete	224
